series,ref_period,ref_end,freq,value,available_from
building_approvals,1983-08,1983-08-31,M,7.627510876608357,1983-10-08
building_approvals,1983-09,1983-09-30,M,4.283134084458595,1983-11-07
building_approvals,1983-10,1983-10-31,M,3.4721649484536155,1983-12-08
building_approvals,1983-11,1983-11-30,M,-4.822254104893986,1984-01-07
building_approvals,1983-12,1983-12-31,M,8.114898249727819,1984-02-07
building_approvals,1984-01,1984-01-31,M,-7.606506584043382,1984-03-09
building_approvals,1984-02,1984-02-29,M,12.818578135479552,1984-04-07
building_approvals,1984-03,1984-03-31,M,4.049936835847512,1984-05-08
building_approvals,1984-04,1984-04-30,M,-3.592343950864163,1984-06-07
building_approvals,1984-05,1984-05-31,M,5.518927327950229,1984-07-08
building_approvals,1984-06,1984-06-30,M,-6.957315360853689,1984-08-07
building_approvals,1984-07,1984-07-31,M,2.6786387987625337,1984-09-07
building_approvals,1984-08,1984-08-31,M,3.057025279247494,1984-10-08
building_approvals,1984-09,1984-09-30,M,-7.529948659440954,1984-11-07
building_approvals,1984-10,1984-10-31,M,1.4497223935842074,1984-12-08
building_approvals,1984-11,1984-11-30,M,3.6333231985405945,1985-01-07
building_approvals,1984-12,1984-12-31,M,-3.366583541147128,1985-02-07
building_approvals,1985-01,1985-01-31,M,-2.4440227703984796,1985-03-10
building_approvals,1985-02,1985-02-28,M,4.388080603750089,1985-04-07
building_approvals,1985-03,1985-03-31,M,4.181262577327272,1985-05-08
building_approvals,1985-04,1985-04-30,M,3.784518529117187,1985-06-07
building_approvals,1985-05,1985-05-31,M,-8.134004273798856,1985-07-08
building_approvals,1985-06,1985-06-30,M,2.821340136564876,1985-08-07
building_approvals,1985-07,1985-07-31,M,-4.714296139531493,1985-09-07
building_approvals,1985-08,1985-08-31,M,5.238569349774069,1985-10-08
building_approvals,1985-09,1985-09-30,M,-5.152463430609123,1985-11-07
building_approvals,1985-10,1985-10-31,M,5.792987032916441,1985-12-08
building_approvals,1985-11,1985-11-30,M,-11.626051639106471,1986-01-07
building_approvals,1985-12,1985-12-31,M,-6.155108740254411,1986-02-07
building_approvals,1986-01,1986-01-31,M,0.4372540445999107,1986-03-10
building_approvals,1986-02,1986-02-28,M,-4.527644754026994,1986-04-07
building_approvals,1986-03,1986-03-31,M,-2.9548563611491163,1986-05-08
building_approvals,1986-04,1986-04-30,M,-5.084108636406349,1986-06-07
building_approvals,1986-05,1986-05-31,M,-1.643564356435645,1986-07-08
building_approvals,1986-06,1986-06-30,M,11.948862492450175,1986-08-07
building_approvals,1986-07,1986-07-31,M,0.27875191079937967,1986-09-07
building_approvals,1986-08,1986-08-31,M,-9.316714490674316,1986-10-08
building_approvals,1986-09,1986-09-30,M,0.5141896568772841,1986-11-07
building_approvals,1986-10,1986-10-31,M,-0.40334481062469507,1986-12-08
building_approvals,1986-11,1986-11-30,M,1.4124851837218566,1987-01-07
building_approvals,1986-12,1986-12-31,M,-0.24349858770819077,1987-02-07
building_approvals,1987-01,1987-01-31,M,-7.430189416129663,1987-03-10
building_approvals,1987-02,1987-02-28,M,6.497204936188172,1987-04-07
building_approvals,1987-03,1987-03-31,M,0.6536595028226122,1987-05-08
building_approvals,1987-04,1987-04-30,M,-5.81521204368789,1987-06-07
building_approvals,1987-05,1987-05-31,M,7.804011700793989,1987-07-08
building_approvals,1987-06,1987-06-30,M,0.784959782924699,1987-08-07
building_approvals,1987-07,1987-07-31,M,2.3653846153846247,1987-09-07
building_approvals,1987-08,1987-08-31,M,2.2355814390381257,1987-10-08
building_approvals,1987-09,1987-09-30,M,2.7195883866225623,1987-11-07
building_approvals,1987-10,1987-10-31,M,5.456171735241511,1987-12-08
building_approvals,1987-11,1987-11-30,M,5.682782018659882,1988-01-07
building_approvals,1987-12,1987-12-31,M,-1.7495987158908544,1988-02-07
building_approvals,1988-01,1988-01-31,M,4.492729946087248,1988-03-09
building_approvals,1988-02,1988-02-29,M,6.105378361475933,1988-04-07
building_approvals,1988-03,1988-03-31,M,-0.5894054372651558,1988-05-08
building_approvals,1988-04,1988-04-30,M,2.816275105610311,1988-06-07
building_approvals,1988-05,1988-05-31,M,3.6762055791825787,1988-07-08
building_approvals,1988-06,1988-06-30,M,5.325731766668995,1988-08-07
building_approvals,1988-07,1988-07-31,M,2.033137500825144,1988-09-07
building_approvals,1988-08,1988-08-31,M,10.441870996959302,1988-10-08
building_approvals,1988-09,1988-09-30,M,-3.6787534415089973,1988-11-07
building_approvals,1988-10,1988-10-31,M,-3.807091163413001,1988-12-08
building_approvals,1988-11,1988-11-30,M,2.9335525067964774,1989-01-07
building_approvals,1988-12,1988-12-31,M,-6.701062588293105,1989-02-07
building_approvals,1989-01,1989-01-31,M,-2.5740618828176465,1989-03-10
building_approvals,1989-02,1989-02-28,M,8.351915669977705,1989-04-07
building_approvals,1989-03,1989-03-31,M,-2.500779544745868,1989-05-08
building_approvals,1989-04,1989-04-30,M,0.6204426250479678,1989-06-07
building_approvals,1989-05,1989-05-31,M,-1.3794418663784835,1989-07-08
building_approvals,1989-06,1989-06-30,M,-6.420007734949074,1989-08-07
building_approvals,1989-07,1989-07-31,M,-14.2099462735914,1989-09-07
building_approvals,1989-08,1989-08-31,M,0.9634684865515775,1989-10-08
building_approvals,1989-09,1989-09-30,M,1.073558648111339,1989-11-07
building_approvals,1989-10,1989-10-31,M,-2.40755310778914,1989-12-08
building_approvals,1989-11,1989-11-30,M,1.4350209609803377,1990-01-07
building_approvals,1989-12,1989-12-31,M,-12.160228898426329,1990-02-07
building_approvals,1990-01,1990-01-31,M,-0.4071661237785018,1990-03-10
building_approvals,1990-02,1990-02-28,M,10.829472154083764,1990-04-07
building_approvals,1990-03,1990-03-31,M,-2.4674153619149153,1990-05-08
building_approvals,1990-04,1990-04-30,M,-8.13582114641116,1990-06-07
building_approvals,1990-05,1990-05-31,M,6.294602012808781,1990-07-08
building_approvals,1990-06,1990-06-30,M,-4.923394732311925,1990-08-07
building_approvals,1990-07,1990-07-31,M,-3.4401593336954583,1990-09-07
building_approvals,1990-08,1990-08-31,M,2.6626664166510494,1990-10-08
building_approvals,1990-09,1990-09-30,M,-0.3105022831050186,1990-11-07
building_approvals,1990-10,1990-10-31,M,-0.9893733968486584,1990-12-08
building_approvals,1990-11,1990-11-30,M,4.607698001480376,1991-01-07
building_approvals,1990-12,1990-12-31,M,-13.674155315761539,1991-02-07
building_approvals,1991-01,1991-01-31,M,5.696721311475406,1991-03-10
building_approvals,1991-02,1991-02-28,M,5.040713454827461,1991-04-07
building_approvals,1991-03,1991-03-31,M,-2.4640088593576914,1991-05-08
building_approvals,1991-04,1991-04-30,M,-5.374207588229729,1991-06-07
building_approvals,1991-05,1991-05-31,M,13.568643135686443,1991-07-08
building_approvals,1991-06,1991-06-30,M,-5.828490931502028,1991-08-07
building_approvals,1991-07,1991-07-31,M,11.733358264771887,1991-09-07
building_approvals,1991-08,1991-08-31,M,0.5522550414191363,1991-10-08
building_approvals,1991-09,1991-09-30,M,2.579678788383122,1991-11-07
building_approvals,1991-10,1991-10-31,M,-1.6630161434250001,1991-12-08
building_approvals,1991-11,1991-11-30,M,-1.3034152780069252,1992-01-07
building_approvals,1991-12,1991-12-31,M,-1.6633233032430583,1992-02-07
building_approvals,1992-01,1992-01-31,M,4.5813854653633745,1992-03-09
building_approvals,1992-02,1992-02-29,M,1.6823797139141838,1992-04-07
building_approvals,1992-03,1992-03-31,M,4.228279114379352,1992-05-08
building_approvals,1992-04,1992-04-30,M,3.044478527607364,1992-06-07
building_approvals,1992-05,1992-05-31,M,0.6623502269851977,1992-07-08
building_approvals,1992-06,1992-06-30,M,0.07393168712110931,1992-08-07
building_approvals,1992-07,1992-07-31,M,0.0,1992-09-07
building_approvals,1992-08,1992-08-31,M,2.039007092198575,1992-10-08
building_approvals,1992-09,1992-09-30,M,-0.31856356791195584,1992-11-07
building_approvals,1992-10,1992-10-31,M,0.8861127251597933,1992-12-08
building_approvals,1992-11,1992-11-30,M,6.321094312455,1993-01-07
building_approvals,1992-12,1992-12-31,M,-0.8599674972914362,1993-02-07
building_approvals,1993-01,1993-01-31,M,0.5737313025066637,1993-03-10
building_approvals,1993-02,1993-02-28,M,-2.132427843803053,1993-04-07
building_approvals,1993-03,1993-03-31,M,4.767191728540698,1993-05-08
building_approvals,1993-04,1993-04-30,M,-1.4902636110743162,1993-06-07
building_approvals,1993-05,1993-05-31,M,-1.0757748941034095,1993-07-08
building_approvals,1993-06,1993-06-30,M,-2.2497111398083303,1993-08-07
building_approvals,1993-07,1993-07-31,M,8.420247531636772,1993-09-07
building_approvals,1993-08,1993-08-31,M,-3.796575386391332,1993-10-08
building_approvals,1993-09,1993-09-30,M,1.9198720085327636,1993-11-07
building_approvals,1993-10,1993-10-31,M,-1.1446137746091933,1993-12-08
building_approvals,1993-11,1993-11-30,M,5.035066825459844,1994-01-07
building_approvals,1993-12,1993-12-31,M,-6.009448818897633,1994-02-07
building_approvals,1994-01,1994-01-31,M,5.1337041753233725,1994-03-10
building_approvals,1994-02,1994-02-28,M,-0.3059858481545219,1994-04-07
building_approvals,1994-03,1994-03-31,M,0.21740520493638282,1994-05-08
building_approvals,1994-04,1994-04-30,M,-1.6716646462068496,1994-06-07
building_approvals,1994-05,1994-05-31,M,17.844396859386148,1994-07-08
building_approvals,1994-06,1994-06-30,M,-10.098562854468362,1994-08-07
building_approvals,1994-07,1994-07-31,M,-4.8937343051387305,1994-09-07
building_approvals,1994-08,1994-08-31,M,14.960072127769198,1994-10-08
building_approvals,1994-09,1994-09-30,M,-1.3780740574757755,1994-11-07
building_approvals,1994-10,1994-10-31,M,-10.798068730474297,1994-12-08
building_approvals,1994-11,1994-11-30,M,-3.464085583290877,1995-01-07
building_approvals,1994-12,1994-12-31,M,-8.087071240105537,1995-02-07
building_approvals,1995-01,1995-01-31,M,-5.583464905985358,1995-03-10
building_approvals,1995-02,1995-02-28,M,2.485557920340531,1995-04-07
building_approvals,1995-03,1995-03-31,M,-6.289401468515909,1995-05-08
building_approvals,1995-04,1995-04-30,M,-6.917293233082711,1995-06-07
building_approvals,1995-05,1995-05-31,M,7.822464076183988,1995-07-08
building_approvals,1995-06,1995-06-30,M,-9.116000315432537,1995-08-07
building_approvals,1995-07,1995-07-31,M,0.05206073752710427,1995-09-07
building_approvals,1995-08,1995-08-31,M,-6.426155580608794,1995-10-08
building_approvals,1995-09,1995-09-30,M,1.9833178869323342,1995-11-07
building_approvals,1995-10,1995-10-31,M,-9.24209378407852,1995-12-08
building_approvals,1995-11,1995-11-30,M,4.936417342545307,1996-01-07
building_approvals,1995-12,1995-12-31,M,-4.5324427480916025,1996-02-07
building_approvals,1996-01,1996-01-31,M,-7.056471764117944,1996-03-09
building_approvals,1996-02,1996-02-29,M,14.248843961716307,1996-04-07
building_approvals,1996-03,1996-03-31,M,-4.03802710843374,1996-05-08
building_approvals,1996-04,1996-04-30,M,0.6473761647866505,1996-06-07
building_approvals,1996-05,1996-05-31,M,7.884221810739689,1996-07-08
building_approvals,1996-06,1996-06-30,M,-9.548328816621499,1996-08-07
building_approvals,1996-07,1996-07-31,M,11.005692599620499,1996-09-07
building_approvals,1996-08,1996-08-31,M,-0.4678362573099393,1996-10-08
building_approvals,1996-09,1996-09-30,M,-8.523908523908519,1996-11-07
building_approvals,1996-10,1996-10-31,M,11.669960474308304,1996-12-08
building_approvals,1996-11,1996-11-30,M,1.5927794000530904,1997-01-07
building_approvals,1996-12,1996-12-31,M,-8.170020033098158,1997-02-07
building_approvals,1997-01,1997-01-31,M,5.757374561320305,1997-03-10
building_approvals,1997-02,1997-02-28,M,10.21524663677129,1997-04-07
building_approvals,1997-03,1997-03-31,M,-4.556920823500688,1997-05-08
building_approvals,1997-04,1997-04-30,M,0.9975274959502123,1997-06-07
building_approvals,1997-05,1997-05-31,M,7.7578929596488155,1997-07-08
building_approvals,1997-06,1997-06-30,M,-9.259694477085779,1997-08-07
building_approvals,1997-07,1997-07-31,M,-0.18130018130018133,1997-09-07
building_approvals,1997-08,1997-08-31,M,16.90019027849854,1997-10-08
building_approvals,1997-09,1997-09-30,M,-6.1186741639538305,1997-11-07
building_approvals,1997-10,1997-10-31,M,-4.681219954291116,1997-12-08
building_approvals,1997-11,1997-11-30,M,11.541959487391473,1998-01-07
building_approvals,1997-12,1997-12-31,M,-4.884737973463793,1998-02-07
building_approvals,1998-01,1998-01-31,M,-0.8494389027431382,1998-03-10
building_approvals,1998-02,1998-02-28,M,0.42442820089600986,1998-04-07
building_approvals,1998-03,1998-03-31,M,2.598419034202082,1998-05-08
building_approvals,1998-04,1998-04-30,M,8.490350141124425,1998-06-07
building_approvals,1998-05,1998-05-31,M,-5.329770777668397,1998-07-08
building_approvals,1998-06,1998-06-30,M,3.4610814022578706,1998-08-07
building_approvals,1998-07,1998-07-31,M,1.2060301507537785,1998-09-07
building_approvals,1998-08,1998-08-31,M,-9.958859412682653,1998-10-08
building_approvals,1998-09,1998-09-30,M,-0.6853631636993818,1998-11-07
building_approvals,1998-10,1998-10-31,M,-1.5070992305861841,1998-12-08
building_approvals,1998-11,1998-11-30,M,10.654747523556418,1999-01-07
building_approvals,1998-12,1998-12-31,M,-6.659388646288211,1999-02-07
building_approvals,1999-01,1999-01-31,M,-6.276803118908381,1999-03-10
building_approvals,1999-02,1999-02-28,M,11.480865224625614,1999-04-07
building_approvals,1999-03,1999-03-31,M,-5.462686567164177,1999-05-08
building_approvals,1999-04,1999-04-30,M,4.562677612882848,1999-06-07
building_approvals,1999-05,1999-05-31,M,1.5174392269364345,1999-07-08
building_approvals,1999-06,1999-06-30,M,2.1343050494534,1999-08-07
building_approvals,1999-07,1999-07-31,M,8.985000728119985,1999-09-07
building_approvals,1999-08,1999-08-31,M,2.224746125066801,1999-10-08
building_approvals,1999-09,1999-09-30,M,-3.3527220443108297,1999-11-07
building_approvals,1999-10,1999-10-31,M,1.7243711117121974,1999-12-08
building_approvals,1999-11,1999-11-30,M,5.61723060559729,2000-01-07
building_approvals,1999-12,1999-12-31,M,-1.6238670694864066,2000-02-07
building_approvals,2000-01,2000-01-31,M,3.4804862444017814,2000-03-09
building_approvals,2000-02,2000-02-29,M,1.6075182391492415,2000-04-07
building_approvals,2000-03,2000-03-31,M,-12.614092734574667,2000-05-08
building_approvals,2000-04,2000-04-30,M,-2.3744864563749024,2000-06-07
building_approvals,2000-05,2000-05-31,M,-5.249643366619116,2000-07-08
building_approvals,2000-06,2000-06-30,M,-18.69165913881361,2000-08-07
building_approvals,2000-07,2000-07-31,M,-11.832237755763353,2000-09-07
building_approvals,2000-08,2000-08-31,M,-2.8667436732122242,2000-10-08
building_approvals,2000-09,2000-09-30,M,1.0702702702702682,2000-11-07
building_approvals,2000-10,2000-10-31,M,1.197989089742224,2000-12-08
building_approvals,2000-11,2000-11-30,M,14.924426593383355,2001-01-07
building_approvals,2000-12,2000-12-31,M,-8.599282626689963,2001-02-07
building_approvals,2001-01,2001-01-31,M,-1.599919500905611,2001-03-10
building_approvals,2001-02,2001-02-28,M,-5.0516412721137165,2001-04-07
building_approvals,2001-03,2001-03-31,M,1.7770597738287597,2001-05-08
building_approvals,2001-04,2001-04-30,M,9.153439153439159,2001-06-07
building_approvals,2001-05,2001-05-31,M,18.3616093068347,2001-07-08
building_approvals,2001-06,2001-06-30,M,0.04095339503644713,2001-08-07
building_approvals,2001-07,2001-07-31,M,7.15572294088751,2001-09-07
building_approvals,2001-08,2001-08-31,M,15.388141809290957,2001-10-08
building_approvals,2001-09,2001-09-30,M,-0.5827042775791269,2001-11-07
building_approvals,2001-10,2001-10-31,M,-0.49953376848275166,2001-12-08
building_approvals,2001-11,2001-11-30,M,-0.689470513421242,2002-01-07
building_approvals,2001-12,2001-12-31,M,-4.4216770018873035,2002-02-07
building_approvals,2002-01,2002-01-31,M,-2.284908321579693,2002-03-10
building_approvals,2002-02,2002-02-28,M,-0.96709006928406,2002-04-07
building_approvals,2002-03,2002-03-31,M,6.165282028858776,2002-05-08
building_approvals,2002-04,2002-04-30,M,6.672158154859975,2002-06-07
building_approvals,2002-05,2002-05-31,M,-3.7258687258687306,2002-07-08
building_approvals,2002-06,2002-06-30,M,-3.716329122384865,2002-08-07
building_approvals,2002-07,2002-07-31,M,-1.8049288441513323,2002-09-07
building_approvals,2002-08,2002-08-31,M,25.56380346412159,2002-10-08
building_approvals,2002-09,2002-09-30,M,-19.869376724283537,2002-11-07
building_approvals,2002-10,2002-10-31,M,28.182967959527815,2002-12-08
building_approvals,2002-11,2002-11-30,M,-21.569917228526016,2003-01-07
building_approvals,2002-12,2002-12-31,M,-2.5510204081632626,2003-02-07
building_approvals,2003-01,2003-01-31,M,1.3268306677185704,2003-03-10
building_approvals,2003-02,2003-02-28,M,-1.7836919592298939,2003-04-07
building_approvals,2003-03,2003-03-31,M,5.066301527817818,2003-05-08
building_approvals,2003-04,2003-04-30,M,0.3360998696755546,2003-06-07
building_approvals,2003-05,2003-05-31,M,-0.15723270440252124,2003-07-08
building_approvals,2003-06,2003-06-30,M,-0.1711742553919926,2003-08-07
building_approvals,2003-07,2003-07-31,M,5.260631001371752,2003-09-07
building_approvals,2003-08,2003-08-31,M,-1.9026519841011225,2003-10-08
building_approvals,2003-09,2003-09-30,M,11.564264363998667,2003-11-07
building_approvals,2003-10,2003-10-31,M,0.9585615622767385,2003-12-08
building_approvals,2003-11,2003-11-30,M,-10.567907059031667,2004-01-07
building_approvals,2003-12,2003-12-31,M,-1.0089020771513302,2004-02-07
building_approvals,2004-01,2004-01-31,M,-3.8435917932320818,2004-03-09
building_approvals,2004-02,2004-02-29,M,2.6255628680290855,2004-04-07
building_approvals,2004-03,2004-03-31,M,3.3211826650465737,2004-05-08
building_approvals,2004-04,2004-04-30,M,-2.058016464131718,2004-06-07
building_approvals,2004-05,2004-05-31,M,3.6822093255953536,2004-07-08
building_approvals,2004-06,2004-06-30,M,-6.285787814450239,2004-08-07
building_approvals,2004-07,2004-07-31,M,-1.4623094878484122,2004-09-07
building_approvals,2004-08,2004-08-31,M,-2.793841008848319,2004-10-08
building_approvals,2004-09,2004-09-30,M,-5.08887614678899,2004-11-07
building_approvals,2004-10,2004-10-31,M,0.4757589487992764,2004-12-08
building_approvals,2004-11,2004-11-30,M,-1.6835776024051063,2005-01-07
building_approvals,2004-12,2004-12-31,M,4.663252044950683,2005-02-07
building_approvals,2005-01,2005-01-31,M,-1.577678767073265,2005-03-10
building_approvals,2005-02,2005-02-28,M,-0.37105751391465214,2005-04-07
building_approvals,2005-03,2005-03-31,M,-2.5772811918063354,2005-05-08
building_approvals,2005-04,2005-04-30,M,0.12233351173636109,2005-06-07
building_approvals,2005-05,2005-05-31,M,13.432607865597546,2005-07-08
building_approvals,2005-06,2005-06-30,M,-3.3795610609936744,2005-08-07
building_approvals,2005-07,2005-07-31,M,-8.751393534002228,2005-09-07
building_approvals,2005-08,2005-08-31,M,-6.139279169211975,2005-10-08
building_approvals,2005-09,2005-09-30,M,2.725349821021794,2005-11-07
building_approvals,2005-10,2005-10-31,M,-0.538528549932682,2005-12-08
building_approvals,2005-11,2005-11-30,M,2.07819093876902,2006-01-07
building_approvals,2005-12,2005-12-31,M,-0.6552262090483651,2006-02-07
building_approvals,2006-01,2006-01-31,M,-4.208542713567843,2006-03-10
building_approvals,2006-02,2006-02-28,M,3.7049180327868747,2006-04-07
building_approvals,2006-03,2006-03-31,M,2.624091052797972,2006-05-08
building_approvals,2006-04,2006-04-30,M,-4.3207024029574885,2006-06-07
building_approvals,2006-05,2006-05-31,M,8.25082508250825,2006-07-08
building_approvals,2006-06,2006-06-30,M,-1.4128494943486003,2006-08-07
building_approvals,2006-07,2006-07-31,M,7.301252074219344,2006-09-07
building_approvals,2006-08,2006-08-31,M,-10.01687051876845,2006-10-08
building_approvals,2006-09,2006-09-30,M,4.937114287946254,2006-11-07
building_approvals,2006-10,2006-10-31,M,-5.95548276632174,2006-12-08
building_approvals,2006-11,2006-11-30,M,1.3931766009657176,2007-01-07
building_approvals,2006-12,2006-12-31,M,-1.0539464439066282,2007-02-07
building_approvals,2007-01,2007-01-31,M,-6.106990689600755,2007-03-10
building_approvals,2007-02,2007-02-28,M,14.90756302521008,2007-04-07
building_approvals,2007-03,2007-03-31,M,-8.980547023548336,2007-05-08
building_approvals,2007-04,2007-04-30,M,2.563072473083716,2007-06-07
building_approvals,2007-05,2007-05-31,M,-0.4778691735213503,2007-07-08
building_approvals,2007-06,2007-06-30,M,5.179471032745586,2007-08-07
building_approvals,2007-07,2007-07-31,M,1.3171680886094883,2007-09-07
building_approvals,2007-08,2007-08-31,M,-4.8234598906780946,2007-10-08
building_approvals,2007-09,2007-09-30,M,12.029491656965474,2007-11-07
building_approvals,2007-10,2007-10-31,M,-0.7551091098025653,2007-12-08
building_approvals,2007-11,2007-11-30,M,3.6856065894178336,2008-01-07
building_approvals,2007-12,2007-12-31,M,-2.8544499798034195,2008-02-07
building_approvals,2008-01,2008-01-31,M,-6.036036036036041,2008-03-09
building_approvals,2008-02,2008-02-29,M,0.9440224205324865,2008-04-07
building_approvals,2008-03,2008-03-31,M,-7.985679842186011,2008-05-08
building_approvals,2008-04,2008-04-30,M,5.931395902810865,2008-06-07
building_approvals,2008-05,2008-05-31,M,-1.1468405666741677,2008-07-08
building_approvals,2008-06,2008-06-30,M,1.979071883530481,2008-08-07
building_approvals,2008-07,2008-07-31,M,-3.093166778199119,2008-09-07
building_approvals,2008-08,2008-08-31,M,-5.232870405892731,2008-10-08
building_approvals,2008-09,2008-09-30,M,-2.129382236256172,2008-11-07
building_approvals,2008-10,2008-10-31,M,-3.8385175380542647,2008-12-08
building_approvals,2008-11,2008-11-30,M,-9.755677907777017,2009-01-07
building_approvals,2008-12,2008-12-31,M,-1.5919923736892327,2009-02-07
building_approvals,2009-01,2009-01-31,M,-10.888307662501207,2009-03-10
building_approvals,2009-02,2009-02-28,M,16.5996303946081,2009-04-07
building_approvals,2009-03,2009-03-31,M,2.079060227484608,2009-05-08
building_approvals,2009-04,2009-04-30,M,4.9502237647273795,2009-06-07
building_approvals,2009-05,2009-05-31,M,-5.952484553128534,2009-07-08
building_approvals,2009-06,2009-06-30,M,10.520958637919865,2009-08-07
building_approvals,2009-07,2009-07-31,M,8.539852645679847,2009-09-07
building_approvals,2009-08,2009-08-31,M,-0.9487812403579099,2009-10-08
building_approvals,2009-09,2009-09-30,M,11.548944786231608,2009-11-07
building_approvals,2009-10,2009-10-31,M,-3.483663781066737,2009-12-08
building_approvals,2009-11,2009-11-30,M,10.010849909584095,2010-01-07
building_approvals,2009-12,2009-12-31,M,0.4734039055822148,2010-02-07
building_approvals,2010-01,2010-01-31,M,-0.2159544532425839,2010-03-10
building_approvals,2010-02,2010-02-28,M,0.6558237145855239,2010-04-07
building_approvals,2010-03,2010-03-31,M,11.161063330727128,2010-05-08
building_approvals,2010-04,2010-04-30,M,-8.645448684133406,2010-06-07
building_approvals,2010-05,2010-05-31,M,-3.785448479404596,2010-07-08
building_approvals,2010-06,2010-06-30,M,-3.7009869298479603,2010-08-07
building_approvals,2010-07,2010-07-31,M,5.449761096876937,2010-09-07
building_approvals,2010-08,2010-08-31,M,-1.0375623850801152,2010-10-08
building_approvals,2010-09,2010-09-30,M,-7.889847378898473,2010-11-07
building_approvals,2010-10,2010-10-31,M,15.445573085512576,2010-12-08
building_approvals,2010-11,2010-11-30,M,-10.009360374414978,2011-01-07
building_approvals,2010-12,2010-12-31,M,5.353304209139442,2011-02-07
building_approvals,2011-01,2011-01-31,M,-16.171921279536626,2011-03-10
building_approvals,2011-02,2011-02-28,M,-0.3140703517587995,2011-04-07
building_approvals,2011-03,2011-03-31,M,10.011027095148073,2011-05-08
building_approvals,2011-04,2011-04-30,M,-1.174196319896903,2011-06-07
building_approvals,2011-05,2011-05-31,M,-6.752155328551767,2011-07-08
building_approvals,2011-06,2011-06-30,M,-1.8801957889829857,2011-08-07
building_approvals,2011-07,2011-07-31,M,3.626573758809082,2011-09-07
building_approvals,2011-08,2011-08-31,M,9.79598074425001,2011-10-08
building_approvals,2011-09,2011-09-30,M,-12.318184981557522,2011-11-07
building_approvals,2011-10,2011-10-31,M,-7.437098182395429,2011-12-08
building_approvals,2011-11,2011-11-30,M,2.049391185045457,2012-01-07
building_approvals,2011-12,2011-12-31,M,0.4285354171918332,2012-02-07
building_approvals,2012-01,2012-01-31,M,-9.119812583668008,2012-03-09
building_approvals,2012-02,2012-02-29,M,6.1774995396796095,2012-04-07
building_approvals,2012-03,2012-03-31,M,2.2023757912078334,2012-05-08
building_approvals,2012-04,2012-04-30,M,-7.296173750742341,2012-06-07
building_approvals,2012-05,2012-05-31,M,27.84844879655899,2012-07-08
building_approvals,2012-06,2012-06-30,M,6.105941302791695,2012-08-07
building_approvals,2012-07,2012-07-31,M,-20.306280779869123,2012-09-07
building_approvals,2012-08,2012-08-31,M,10.259883179547957,2012-10-08
building_approvals,2012-09,2012-09-30,M,20.898272552783116,2012-11-07
building_approvals,2012-10,2012-10-31,M,-7.252175017463647,2012-12-08
building_approvals,2012-11,2012-11-30,M,-2.444368366997607,2013-01-07
building_approvals,2012-12,2012-12-31,M,0.8422234699607012,2013-02-07
building_approvals,2013-01,2013-01-31,M,-16.140033407572385,2013-03-10
building_approvals,2013-02,2013-02-28,M,12.457465349821572,2013-04-07
building_approvals,2013-03,2013-03-31,M,-1.5940959409594058,2013-05-08
building_approvals,2013-04,2013-04-30,M,11.969401529923495,2013-06-07
building_approvals,2013-05,2013-05-31,M,-4.025452109845951,2013-07-08
building_approvals,2013-06,2013-06-30,M,-4.941028683090232,2013-08-07
building_approvals,2013-07,2013-07-31,M,10.520519785625137,2013-09-07
building_approvals,2013-08,2013-08-31,M,-2.0991098711306,2013-10-08
building_approvals,2013-09,2013-09-30,M,29.271271542950196,2013-11-07
building_approvals,2013-10,2013-10-31,M,-6.198824270417802,2013-12-08
building_approvals,2013-11,2013-11-30,M,-1.0351966873705987,2014-01-07
building_approvals,2013-12,2013-12-31,M,-1.764107203437748,2014-02-07
building_approvals,2014-01,2014-01-31,M,-3.090825371244388,2014-03-10
building_approvals,2014-02,2014-02-28,M,-1.0512561620241168,2014-04-07
building_approvals,2014-03,2014-03-31,M,-3.9195678271308543,2014-05-08
building_approvals,2014-04,2014-04-30,M,1.1932279627662856,2014-06-07
building_approvals,2014-05,2014-05-31,M,4.73515248796148,2014-07-08
building_approvals,2014-06,2014-06-30,M,-2.210433244915999,2014-08-07
building_approvals,2014-07,2014-07-31,M,2.664255575647978,2014-09-07
building_approvals,2014-08,2014-08-31,M,7.503522780648186,2014-10-08
building_approvals,2014-09,2014-09-30,M,-8.563626433642824,2014-11-07
building_approvals,2014-10,2014-10-31,M,9.282045155895347,2014-12-08
building_approvals,2014-11,2014-11-30,M,12.308701355487539,2015-01-07
building_approvals,2014-12,2014-12-31,M,-0.7981312049834544,2015-02-07
building_approvals,2015-01,2015-01-31,M,-6.196036106750391,2015-03-10
building_approvals,2015-02,2015-02-28,M,2.097170650070601,2015-04-07
building_approvals,2015-03,2015-03-31,M,6.162278455076331,2015-05-08
building_approvals,2015-04,2015-04-30,M,-7.449939686369122,2015-06-07
building_approvals,2015-05,2015-05-31,M,10.129815963714094,2015-07-08
building_approvals,2015-06,2015-06-30,M,-8.66786593448211,2015-08-07
building_approvals,2015-07,2015-07-31,M,2.9337065256829,2015-09-07
building_approvals,2015-08,2015-08-31,M,-3.7715897074374394,2015-10-08
building_approvals,2015-09,2015-09-30,M,7.4882260596546235,2015-11-07
building_approvals,2015-10,2015-10-31,M,7.2440484883890655,2015-12-08
building_approvals,2015-11,2015-11-30,M,-12.710517953606615,2016-01-07
building_approvals,2015-12,2015-12-31,M,5.10166935358054,2016-02-07
building_approvals,2016-01,2016-01-31,M,-11.810984661058876,2016-03-09
building_approvals,2016-02,2016-02-29,M,10.929697581776354,2016-04-07
building_approvals,2016-03,2016-03-31,M,2.9942845581912847,2016-05-08
building_approvals,2016-04,2016-04-30,M,3.98271374551884,2016-06-07
building_approvals,2016-05,2016-05-31,M,-3.5893076414470593,2016-07-08
building_approvals,2016-06,2016-06-30,M,-9.983344763397673,2016-08-07
building_approvals,2016-07,2016-07-31,M,18.290161079669144,2016-09-07
building_approvals,2016-08,2016-08-31,M,-1.531950131112847,2016-10-08
building_approvals,2016-09,2016-09-30,M,-8.517099607549994,2016-11-07
building_approvals,2016-10,2016-10-31,M,-14.166794341453448,2016-12-08
building_approvals,2016-11,2016-11-30,M,10.709823287915743,2017-01-07
building_approvals,2016-12,2016-12-31,M,-1.2737141935830643,2017-02-07
building_approvals,2017-01,2017-01-31,M,-10.876428960261297,2017-03-10
building_approvals,2017-02,2017-02-28,M,16.497678964085026,2017-04-07
building_approvals,2017-03,2017-03-31,M,-14.150893933833164,2017-05-08
building_approvals,2017-04,2017-04-30,M,13.417613289361174,2017-06-07
building_approvals,2017-05,2017-05-31,M,-8.098648430348387,2017-07-08
building_approvals,2017-06,2017-06-30,M,8.449053729419354,2017-08-07
building_approvals,2017-07,2017-07-31,M,5.559457561186454,2017-09-07
building_approvals,2017-08,2017-08-31,M,-3.0811751458695857,2017-10-08
building_approvals,2017-09,2017-09-30,M,5.692860160540758,2017-11-07
building_approvals,2017-10,2017-10-31,M,-0.6145698011391976,2017-12-08
building_approvals,2017-11,2017-11-30,M,16.831732944547785,2018-01-07
building_approvals,2017-12,2017-12-31,M,-23.4175308748225,2018-02-07
building_approvals,2018-01,2018-01-31,M,3.388211496319604,2018-03-10
building_approvals,2018-02,2018-02-28,M,5.059782608695662,2018-04-07
building_approvals,2018-03,2018-03-31,M,1.8778128394806304,2018-05-08
building_approvals,2018-04,2018-04-30,M,-4.732405808875795,2018-06-07
building_approvals,2018-05,2018-05-31,M,-4.215968446860674,2018-07-08
building_approvals,2018-06,2018-06-30,M,7.345167213844528,2018-08-07
building_approvals,2018-07,2018-07-31,M,-2.1201596599450534,2018-09-07
building_approvals,2018-08,2018-08-31,M,-13.748543586484486,2018-10-08
building_approvals,2018-09,2018-09-30,M,4.365712882230133,2018-11-07
building_approvals,2018-10,2018-10-31,M,1.1237277166558757,2018-12-08
building_approvals,2018-11,2018-11-30,M,-10.879683500116355,2019-01-07
building_approvals,2018-12,2018-12-31,M,-7.729468599033817,2019-02-07
building_approvals,2019-01,2019-01-31,M,-1.7900099051931462,2019-03-10
building_approvals,2019-02,2019-02-28,M,21.65550032418413,2019-04-07
building_approvals,2019-03,2019-03-31,M,-10.404453129626335,2019-05-08
building_approvals,2019-04,2019-04-30,M,-2.7825512227362847,2019-06-07
building_approvals,2019-05,2019-05-31,M,-0.6458630770276752,2019-07-08
building_approvals,2019-06,2019-06-30,M,0.3010811550568038,2019-08-07
building_approvals,2019-07,2019-07-31,M,-7.306590257879653,2019-09-07
building_approvals,2019-08,2019-08-31,M,1.0892765143151628,2019-10-08
building_approvals,2019-09,2019-09-30,M,8.685839097196935,2019-11-07
building_approvals,2019-10,2019-10-31,M,-5.774383708467312,2019-12-08
building_approvals,2019-11,2019-11-30,M,7.841603867481872,2020-01-07
building_approvals,2019-12,2019-12-31,M,4.258685476959578,2020-02-07
building_approvals,2020-01,2020-01-31,M,-19.323427126146065,2020-03-09
building_approvals,2020-02,2020-02-29,M,29.8220863704052,2020-04-07
building_approvals,2020-03,2020-03-31,M,-7.751750784834577,2020-05-08
building_approvals,2020-04,2020-04-30,M,-0.07853403141361293,2020-06-07
building_approvals,2020-05,2020-05-31,M,-10.846214304427559,2020-07-08
building_approvals,2020-06,2020-06-30,M,-6.104907434616513,2020-08-07
building_approvals,2020-07,2020-07-31,M,19.08301384868163,2020-09-07
building_approvals,2020-08,2020-08-31,M,-4.60578186596583,2020-10-08
building_approvals,2020-09,2020-09-30,M,13.093188236104414,2020-11-07
building_approvals,2020-10,2020-10-31,M,6.601705237515221,2020-12-08
building_approvals,2020-11,2020-11-30,M,2.91933272394882,2021-01-07
building_approvals,2020-12,2020-12-31,M,3.508187621426595,2021-02-07
building_approvals,2021-01,2021-01-31,M,-11.744516544216232,2021-03-10
building_approvals,2021-02,2021-02-28,M,22.804885459075173,2021-04-07
building_approvals,2021-03,2021-03-31,M,13.151904997525987,2021-05-08
building_approvals,2021-04,2021-04-30,M,-8.772083260451291,2021-06-07
building_approvals,2021-05,2021-05-31,M,1.9605023487681006,2021-07-08
building_approvals,2021-06,2021-06-30,M,-9.068685064171877,2021-08-07
building_approvals,2021-07,2021-07-31,M,-2.7866818322820786,2021-09-07
building_approvals,2021-08,2021-08-31,M,2.0422273041535988,2021-10-08
building_approvals,2021-09,2021-09-30,M,-0.8808047115234308,2021-11-07
building_approvals,2021-10,2021-10-31,M,-13.729098748554003,2021-12-08
building_approvals,2021-11,2021-11-30,M,0.8837691229353295,2022-01-07
building_approvals,2021-12,2021-12-31,M,2.622039632672779,2022-02-07
building_approvals,2022-01,2022-01-31,M,-20.004709760979633,2022-03-10
building_approvals,2022-02,2022-02-28,M,37.1209891080365,2022-04-07
building_approvals,2022-03,2022-03-31,M,-19.836839845427225,2022-05-08
building_approvals,2022-04,2022-04-30,M,8.081146223888602,2022-06-07
building_approvals,2022-05,2022-05-31,M,3.784922257325163,2022-07-08
building_approvals,2022-06,2022-06-30,M,-3.563328160439294,2022-08-07
building_approvals,2022-07,2022-07-31,M,-11.598687875224357,2022-09-07
building_approvals,2022-08,2022-08-31,M,20.114821816145056,2022-10-08
building_approvals,2022-09,2022-09-30,M,-0.5304266728841212,2022-11-07
building_approvals,2022-10,2022-10-31,M,-8.168766481101674,2022-12-08
building_approvals,2022-11,2022-11-30,M,-3.5096675387658705,2023-01-07
building_approvals,2022-12,2022-12-31,M,12.128827458501412,2023-02-07
building_approvals,2023-01,2023-01-31,M,-26.882925390740198,2023-03-10
building_approvals,2023-02,2023-02-28,M,9.66362829716867,2023-04-07
building_approvals,2023-03,2023-03-31,M,-2.2728944464876832,2023-05-08
building_approvals,2023-04,2023-04-30,M,-0.045160319132919735,2023-06-07
building_approvals,2023-05,2023-05-31,M,19.555722891566262,2023-07-08
building_approvals,2023-06,2023-06-30,M,-14.152547710524654,2023-08-07
building_approvals,2023-07,2023-07-31,M,-5.245781364636826,2023-09-07
building_approvals,2023-08,2023-08-31,M,3.3836624080526567,2023-10-08
building_approvals,2023-09,2023-09-30,M,5.834331935290593,2023-11-07
building_approvals,2023-10,2023-10-31,M,3.1561814450498993,2023-12-08
building_approvals,2023-11,2023-11-30,M,0.5213692803731851,2024-01-07
building_approvals,2023-12,2023-12-31,M,-5.0979321640619695,2024-02-07
building_approvals,2024-01,2024-01-31,M,-5.148856608658137,2024-03-09
building_approvals,2024-02,2024-02-29,M,-0.6747536012130406,2024-04-07
building_approvals,2024-03,2024-03-31,M,3.5875124036333084,2024-05-08
building_approvals,2024-04,2024-04-30,M,2.5053422739665487,2024-06-07
building_approvals,2024-05,2024-05-31,M,5.758033211127889,2024-07-08
building_approvals,2024-06,2024-06-30,M,-10.22294725394236,2024-08-07
building_approvals,2024-07,2024-07-31,M,14.370078740157478,2024-09-07
building_approvals,2024-08,2024-08-31,M,-4.210247583741555,2024-10-08
building_approvals,2024-09,2024-09-30,M,5.494125777470638,2024-11-07
building_approvals,2024-10,2024-10-31,M,6.190632165083532,2024-12-08
building_approvals,2024-11,2024-11-30,M,-4.127082048118447,2025-01-07
building_approvals,2024-12,2024-12-31,M,0.6112862750144776,2025-02-07
building_approvals,2025-01,2025-01-31,M,-0.8889741621898151,2025-03-10
building_approvals,2025-02,2025-02-28,M,8.362908950119374,2025-04-07
building_approvals,2025-03,2025-03-31,M,-6.121598284999708,2025-05-08
building_approvals,2025-04,2025-04-30,M,-1.6175071360608917,2025-06-07
building_approvals,2025-05,2025-05-31,M,4.229529335912319,2025-07-08
building_approvals,2025-06,2025-06-30,M,4.447606086848932,2025-08-07
building_approvals,2025-07,2025-07-31,M,-5.223571217056556,2025-09-07
building_approvals,2025-08,2025-08-31,M,-4.3054427294882185,2025-10-08
building_approvals,2025-09,2025-09-30,M,19.28300901136215,2025-11-07
building_approvals,2025-10,2025-10-31,M,-10.981551431543224,2025-12-08
building_approvals,2025-11,2025-11-30,M,16.253612938933635,2026-01-07
building_approvals,2025-12,2025-12-31,M,-15.49936521371138,2026-02-07
building_approvals,2026-01,2026-01-31,M,-14.079128583948918,2026-03-10
building_approvals,2026-02,2026-02-28,M,44.38615664845174,2026-04-07
building_approvals,2026-03,2026-03-31,M,-12.978755613866877,2026-05-08
building_approvals,2026-04,2026-04-30,M,-0.2203537257176036,2026-06-07
building_approvals,2026-05,2026-05-31,M,-1.0925786017318528,2026-07-08
employment,1978-03,1978-03-31,M,0.09093608014720811,1978-04-26
employment,1978-04,1978-04-30,M,0.46311715686400134,1978-05-26
employment,1978-05,1978-05-31,M,0.03989780487547723,1978-06-26
employment,1978-06,1978-06-30,M,0.012100288549787841,1978-07-26
employment,1978-07,1978-07-31,M,-0.05573281913506811,1978-08-26
employment,1978-08,1978-08-31,M,0.09655353926647514,1978-09-26
employment,1978-09,1978-09-30,M,-0.09054091319711244,1978-10-26
employment,1978-10,1978-10-31,M,0.08267706796212249,1978-11-26
employment,1978-11,1978-11-30,M,-0.12725111525994093,1978-12-26
employment,1978-12,1978-12-31,M,0.41419200448042925,1979-01-26
employment,1979-01,1979-01-31,M,-0.035317388876943134,1979-02-26
employment,1979-02,1979-02-28,M,0.2063695580905467,1979-03-26
employment,1979-03,1979-03-31,M,-0.13021836177475876,1979-04-26
employment,1979-04,1979-04-30,M,0.14972728603788177,1979-05-26
employment,1979-05,1979-05-31,M,0.09266876320115358,1979-06-26
employment,1979-06,1979-06-30,M,0.47980916774039706,1979-07-26
employment,1979-07,1979-07-31,M,-0.031667538975854725,1979-08-26
employment,1979-08,1979-08-31,M,0.28433618185192966,1979-09-26
employment,1979-09,1979-09-30,M,0.03294861660159132,1979-10-26
employment,1979-10,1979-10-31,M,0.5770130994728895,1979-11-26
employment,1979-11,1979-11-30,M,0.4606389965711166,1979-12-26
employment,1979-12,1979-12-31,M,0.05634561996690213,1980-01-26
employment,1980-01,1980-01-31,M,0.321294972240338,1980-02-26
employment,1980-02,1980-02-29,M,0.29078594968772187,1980-03-26
employment,1980-03,1980-03-31,M,0.17687597637108254,1980-04-26
employment,1980-04,1980-04-30,M,0.22139836046193295,1980-05-26
employment,1980-05,1980-05-31,M,0.3410585253812659,1980-06-26
employment,1980-06,1980-06-30,M,0.11910081137305184,1980-07-26
employment,1980-07,1980-07-31,M,0.49723332441418133,1980-08-26
employment,1980-08,1980-08-31,M,0.14270300915157907,1980-09-26
employment,1980-09,1980-09-30,M,0.03281618590076363,1980-10-26
employment,1980-10,1980-10-31,M,-0.1693351006598509,1980-11-26
employment,1980-11,1980-11-30,M,0.3425610679729463,1980-12-26
employment,1980-12,1980-12-31,M,0.36107546904464716,1981-01-26
employment,1981-01,1981-01-31,M,0.09343312404666015,1981-02-26
employment,1981-02,1981-02-28,M,0.24310651635113256,1981-03-26
employment,1981-03,1981-03-31,M,0.05843647608982927,1981-04-26
employment,1981-04,1981-04-30,M,0.43150533292497517,1981-05-26
employment,1981-05,1981-05-31,M,0.016654030904117434,1981-06-26
employment,1981-06,1981-06-30,M,0.24532891053379302,1981-07-26
employment,1981-07,1981-07-31,M,-0.03693450677518806,1981-08-26
employment,1981-08,1981-08-31,M,0.24939560324972465,1981-09-26
employment,1981-09,1981-09-30,M,0.38510784923582175,1981-10-26
employment,1981-10,1981-10-31,M,-0.4552905903688842,1981-11-26
employment,1981-11,1981-11-30,M,-0.2014094012477763,1981-12-26
employment,1981-12,1981-12-31,M,0.2052804163256372,1982-01-26
employment,1982-01,1982-01-31,M,0.607192890706787,1982-02-26
employment,1982-02,1982-02-28,M,-0.2896291261219597,1982-03-26
employment,1982-03,1982-03-31,M,-0.11217323978413019,1982-04-26
employment,1982-04,1982-04-30,M,0.1958176580892923,1982-05-26
employment,1982-05,1982-05-31,M,-0.35533498957440735,1982-06-26
employment,1982-06,1982-06-30,M,-0.18658059992995302,1982-07-26
employment,1982-07,1982-07-31,M,-0.013851731065117612,1982-08-26
employment,1982-08,1982-08-31,M,-0.05434758833828823,1982-09-26
employment,1982-09,1982-09-30,M,-0.24428137505551062,1982-10-26
employment,1982-10,1982-10-31,M,0.03354534639241624,1982-11-26
employment,1982-11,1982-11-30,M,-0.8939819233075852,1982-12-26
employment,1982-12,1982-12-31,M,-0.7891412701821032,1983-01-26
employment,1983-01,1983-01-31,M,0.016006340513818884,1983-02-26
employment,1983-02,1983-02-28,M,-0.1145328292996739,1983-03-26
employment,1983-03,1983-03-31,M,-0.5349693836433356,1983-04-26
employment,1983-04,1983-04-30,M,-0.3644983598837692,1983-05-26
employment,1983-05,1983-05-31,M,0.4957438458247143,1983-06-26
employment,1983-06,1983-06-30,M,0.11734870164732403,1983-07-26
employment,1983-07,1983-07-31,M,0.08816133778553059,1983-08-26
employment,1983-08,1983-08-31,M,0.10085507251003101,1983-09-26
employment,1983-09,1983-09-30,M,0.5364020443618278,1983-10-26
employment,1983-10,1983-10-31,M,0.008706038526362647,1983-11-26
employment,1983-11,1983-11-30,M,0.584691815431504,1983-12-26
employment,1983-12,1983-12-31,M,0.38974495676415977,1984-01-26
employment,1984-01,1984-01-31,M,0.015896064042419944,1984-02-26
employment,1984-02,1984-02-29,M,0.1889687977491894,1984-03-26
employment,1984-03,1984-03-31,M,0.8690961115914275,1984-04-26
employment,1984-04,1984-04-30,M,0.10135556020267611,1984-05-26
employment,1984-05,1984-05-31,M,0.39314860843380206,1984-06-26
employment,1984-06,1984-06-30,M,0.3410825591303013,1984-07-26
employment,1984-07,1984-07-31,M,0.13779234921633687,1984-08-26
employment,1984-08,1984-08-31,M,-0.03921141042918519,1984-09-26
employment,1984-09,1984-09-30,M,0.4601745192742257,1984-10-26
employment,1984-10,1984-10-31,M,-0.04952868468508509,1984-11-26
employment,1984-11,1984-11-30,M,0.23371044970099675,1984-12-26
employment,1984-12,1984-12-31,M,0.0574779133444947,1985-01-26
employment,1985-01,1985-01-31,M,0.11675494239755668,1985-02-26
employment,1985-02,1985-02-28,M,0.986275278512716,1985-03-26
employment,1985-03,1985-03-31,M,-0.3802125006726609,1985-04-26
employment,1985-04,1985-04-30,M,0.1555725599923452,1985-05-26
employment,1985-05,1985-05-31,M,0.5292801358242061,1985-06-26
employment,1985-06,1985-06-30,M,0.21002736971869052,1985-07-26
employment,1985-07,1985-07-31,M,0.37907591098156335,1985-08-26
employment,1985-08,1985-08-31,M,0.6286947846260382,1985-09-26
employment,1985-09,1985-09-30,M,0.6582996778440986,1985-10-26
employment,1985-10,1985-10-31,M,-0.22905051828308043,1985-11-26
employment,1985-11,1985-11-30,M,1.4658984166294742,1985-12-26
employment,1985-12,1985-12-31,M,-0.4755725794092336,1986-01-26
employment,1986-01,1986-01-31,M,0.6837154701927028,1986-02-26
employment,1986-02,1986-02-28,M,0.33313709992339735,1986-03-26
employment,1986-03,1986-03-31,M,0.1508004577566835,1986-04-26
employment,1986-04,1986-04-30,M,0.9972962401370244,1986-05-26
employment,1986-05,1986-05-31,M,-0.09147982933083165,1986-06-26
employment,1986-06,1986-06-30,M,0.5795826222344314,1986-07-26
employment,1986-07,1986-07-31,M,-0.25434930701244696,1986-08-26
employment,1986-08,1986-08-31,M,-0.2627900177272102,1986-09-26
employment,1986-09,1986-09-30,M,0.3595273906282337,1986-10-26
employment,1986-10,1986-10-31,M,0.3506514417611406,1986-11-26
employment,1986-11,1986-11-30,M,-0.15378684888949223,1986-12-26
employment,1986-12,1986-12-31,M,0.23642473799936337,1987-01-26
employment,1987-01,1987-01-31,M,0.004463501074147835,1987-02-26
employment,1987-02,1987-02-28,M,0.4511972791392038,1987-03-26
employment,1987-03,1987-03-31,M,0.1912843528781183,1987-04-26
employment,1987-04,1987-04-30,M,0.20509041415694984,1987-05-26
employment,1987-05,1987-05-31,M,0.07340875761343568,1987-06-26
employment,1987-06,1987-06-30,M,0.5030955026220862,1987-07-26
employment,1987-07,1987-07-31,M,0.6424784120388383,1987-08-26
employment,1987-08,1987-08-31,M,-0.3006431462438175,1987-09-26
employment,1987-09,1987-09-30,M,-0.16960952204979618,1987-10-26
employment,1987-10,1987-10-31,M,0.41485828987579687,1987-11-26
employment,1987-11,1987-11-30,M,-0.13960118979986502,1987-12-26
employment,1987-12,1987-12-31,M,1.0857715657103473,1988-01-26
employment,1988-01,1988-01-31,M,0.852559299090272,1988-02-26
employment,1988-02,1988-02-29,M,-0.19898175228305615,1988-03-26
employment,1988-03,1988-03-31,M,0.6529197475807491,1988-04-26
employment,1988-04,1988-04-30,M,0.41350014645704647,1988-05-26
employment,1988-05,1988-05-31,M,-0.22878282629499314,1988-06-26
employment,1988-06,1988-06-30,M,0.2385808689405744,1988-07-26
employment,1988-07,1988-07-31,M,0.2378053230957189,1988-08-26
employment,1988-08,1988-08-31,M,0.4131328532125833,1988-09-26
employment,1988-09,1988-09-30,M,0.575249894091101,1988-10-26
employment,1988-10,1988-10-31,M,0.20477029459378127,1988-11-26
employment,1988-11,1988-11-30,M,0.28472472807792304,1988-12-26
employment,1988-12,1988-12-31,M,0.4518981799780386,1989-01-26
employment,1989-01,1989-01-31,M,0.4444262386245956,1989-02-26
employment,1989-02,1989-02-28,M,0.6665025432930127,1989-03-26
employment,1989-03,1989-03-31,M,0.2478596767206076,1989-04-26
employment,1989-04,1989-04-30,M,0.41399177997702985,1989-05-26
employment,1989-05,1989-05-31,M,0.7246429682766564,1989-06-26
employment,1989-06,1989-06-30,M,-0.0059951432380911385,1989-07-26
employment,1989-07,1989-07-31,M,0.32096123050397996,1989-08-26
employment,1989-08,1989-08-31,M,0.5076126885503296,1989-09-26
employment,1989-09,1989-09-30,M,0.11436910479190043,1989-10-26
employment,1989-10,1989-10-31,M,0.10742463444017858,1989-11-26
employment,1989-11,1989-11-30,M,0.6751149454277572,1989-12-26
employment,1989-12,1989-12-31,M,-0.18729336914011796,1990-01-26
employment,1990-01,1990-01-31,M,0.15497635143777444,1990-02-26
employment,1990-02,1990-02-28,M,0.05766152115778134,1990-03-26
employment,1990-03,1990-03-31,M,0.19007242628883425,1990-04-26
employment,1990-04,1990-04-30,M,0.05830723809219229,1990-05-26
employment,1990-05,1990-05-31,M,0.42394784582073797,1990-06-26
employment,1990-06,1990-06-30,M,0.00966353520921448,1990-07-26
employment,1990-07,1990-07-31,M,-0.026033657485569073,1990-08-26
employment,1990-08,1990-08-31,M,-0.36588141237149374,1990-09-26
employment,1990-09,1990-09-30,M,-0.31865564552551184,1990-10-26
employment,1990-10,1990-10-31,M,-0.1838320115903902,1990-11-26
employment,1990-11,1990-11-30,M,-0.2535733375874538,1990-12-26
employment,1990-12,1990-12-31,M,0.040963277891648,1991-01-26
employment,1991-01,1991-01-31,M,-0.8817519272913854,1991-02-26
employment,1991-02,1991-02-28,M,0.1793653301219278,1991-03-26
employment,1991-03,1991-03-31,M,-0.7266670497926286,1991-04-26
employment,1991-04,1991-04-30,M,-0.07454517336479283,1991-05-26
employment,1991-05,1991-05-31,M,-0.02676313423534138,1991-06-26
employment,1991-06,1991-06-30,M,-0.4568409622052183,1991-07-26
employment,1991-07,1991-07-31,M,-0.3696024595747027,1991-08-26
employment,1991-08,1991-08-31,M,0.06957892941596988,1991-09-26
employment,1991-09,1991-09-30,M,0.12389474286687019,1991-10-26
employment,1991-10,1991-10-31,M,-0.3787277070646633,1991-11-26
employment,1991-11,1991-11-30,M,-0.25158658113022536,1991-12-26
employment,1991-12,1991-12-31,M,0.2621053060711587,1992-01-26
employment,1992-01,1992-01-31,M,0.1813569957461736,1992-02-26
employment,1992-02,1992-02-29,M,0.25436720015894476,1992-03-26
employment,1992-03,1992-03-31,M,-0.24920513369963704,1992-04-26
employment,1992-04,1992-04-30,M,-0.08733776650625691,1992-05-26
employment,1992-05,1992-05-31,M,-0.0473245103776998,1992-06-26
employment,1992-06,1992-06-30,M,0.1664085551040584,1992-07-26
employment,1992-07,1992-07-31,M,0.2313416365459453,1992-08-26
employment,1992-08,1992-08-31,M,0.2595109263686002,1992-09-26
employment,1992-09,1992-09-30,M,-0.4685332819426513,1992-10-26
employment,1992-10,1992-10-31,M,0.12113586343605043,1992-11-26
employment,1992-11,1992-11-30,M,-0.9815579788259976,1992-12-26
employment,1992-12,1992-12-31,M,0.40046264662667586,1993-01-26
employment,1993-01,1993-01-31,M,0.6725955803740691,1993-02-26
employment,1993-02,1993-02-28,M,-0.8986792807991084,1993-03-26
employment,1993-03,1993-03-31,M,0.6528761943460415,1993-04-26
employment,1993-04,1993-04-30,M,-0.2518719731712249,1993-05-26
employment,1993-05,1993-05-31,M,0.011461103137233586,1993-06-26
employment,1993-06,1993-06-30,M,0.1707938913324547,1993-07-26
employment,1993-07,1993-07-31,M,0.025406676235673054,1993-08-26
employment,1993-08,1993-08-31,M,0.3094107448985417,1993-09-26
employment,1993-09,1993-09-30,M,0.24261518099897295,1993-10-26
employment,1993-10,1993-10-31,M,0.6379632428529902,1993-11-26
employment,1993-11,1993-11-30,M,0.13613024918346373,1993-12-26
employment,1993-12,1993-12-31,M,0.20469336060406906,1994-01-26
employment,1994-01,1994-01-31,M,0.2671484102153787,1994-02-26
employment,1994-02,1994-02-28,M,0.3027308758146052,1994-03-26
employment,1994-03,1994-03-31,M,0.2451549723186508,1994-04-26
employment,1994-04,1994-04-30,M,0.03644301980061382,1994-05-26
employment,1994-05,1994-05-31,M,0.533091687331888,1994-06-26
employment,1994-06,1994-06-30,M,0.2812187952082601,1994-07-26
employment,1994-07,1994-07-31,M,0.9250194184323712,1994-08-26
employment,1994-08,1994-08-31,M,-0.19697758182126712,1994-09-26
employment,1994-09,1994-09-30,M,0.6147094998522729,1994-10-26
employment,1994-10,1994-10-31,M,-0.03716418930989063,1994-11-26
employment,1994-11,1994-11-30,M,0.14636177541105244,1994-12-26
employment,1994-12,1994-12-31,M,0.5527899565261007,1995-01-26
employment,1995-01,1995-01-31,M,0.20028516471544133,1995-02-26
employment,1995-02,1995-02-28,M,0.6037514244801256,1995-03-26
employment,1995-03,1995-03-31,M,0.040841195513707795,1995-04-26
employment,1995-04,1995-04-30,M,0.7127494597661821,1995-05-26
employment,1995-05,1995-05-31,M,0.07448916608627787,1995-06-26
employment,1995-06,1995-06-30,M,0.4282961244552963,1995-07-26
employment,1995-07,1995-07-31,M,0.0811186047880108,1995-08-26
employment,1995-08,1995-08-31,M,0.35416484625101496,1995-09-26
employment,1995-09,1995-09-30,M,-0.15002900416737353,1995-10-26
employment,1995-10,1995-10-31,M,-0.12417378458476902,1995-11-26
employment,1995-11,1995-11-30,M,0.89949028655536,1995-12-26
employment,1995-12,1995-12-31,M,0.016812254670695026,1996-01-26
employment,1996-01,1996-01-31,M,0.024261031952854673,1996-02-26
employment,1996-02,1996-02-29,M,0.015780148175603692,1996-03-26
employment,1996-03,1996-03-31,M,-0.31958743564818315,1996-04-26
employment,1996-04,1996-04-30,M,0.36148252206071874,1996-05-26
employment,1996-05,1996-05-31,M,0.06462186018814098,1996-06-26
employment,1996-06,1996-06-30,M,0.0452862849113167,1996-07-26
employment,1996-07,1996-07-31,M,0.025798868925264173,1996-08-26
employment,1996-08,1996-08-31,M,-0.05842850814884448,1996-09-26
employment,1996-09,1996-09-30,M,-0.08346903378075865,1996-10-26
employment,1996-10,1996-10-31,M,0.07346964724097571,1996-11-26
employment,1996-11,1996-11-30,M,-0.012708212118028861,1996-12-26
employment,1996-12,1996-12-31,M,0.2844045483374247,1997-01-26
employment,1997-01,1997-01-31,M,0.10783218454024635,1997-02-26
employment,1997-02,1997-02-28,M,0.019097701201742368,1997-03-26
employment,1997-03,1997-03-31,M,0.03772908524799501,1997-04-26
employment,1997-04,1997-04-30,M,-0.08511411171434613,1997-05-26
employment,1997-05,1997-05-31,M,0.04776017795675713,1997-06-26
employment,1997-06,1997-06-30,M,0.015212265948094661,1997-07-26
employment,1997-07,1997-07-31,M,0.13028933328813608,1997-08-26
employment,1997-08,1997-08-31,M,-0.16046636498818767,1997-09-26
employment,1997-09,1997-09-30,M,0.746822002925418,1997-10-26
employment,1997-10,1997-10-31,M,-0.0826806145030834,1997-11-26
employment,1997-11,1997-11-30,M,0.6952171788279449,1997-12-26
employment,1997-12,1997-12-31,M,-0.17128156437119513,1998-01-26
employment,1998-01,1998-01-31,M,0.07440743848412534,1998-02-26
employment,1998-02,1998-02-28,M,0.16801386460121304,1998-03-26
employment,1998-03,1998-03-31,M,0.03621798754740446,1998-04-26
employment,1998-04,1998-04-30,M,0.38283072463263235,1998-05-26
employment,1998-05,1998-05-31,M,-0.023503401132374258,1998-06-26
employment,1998-06,1998-06-30,M,0.23519602080634971,1998-07-26
employment,1998-07,1998-07-31,M,0.14429916587106462,1998-08-26
employment,1998-08,1998-08-31,M,0.14392576579718153,1998-09-26
employment,1998-09,1998-09-30,M,0.5138021033930018,1998-10-26
employment,1998-10,1998-10-31,M,0.12174006459144682,1998-11-26
employment,1998-11,1998-11-30,M,-0.24205084205102256,1998-12-26
employment,1998-12,1998-12-31,M,0.2493926838739391,1999-01-26
employment,1999-01,1999-01-31,M,0.006004453431462942,1999-02-26
employment,1999-02,1999-02-28,M,0.08973623968813182,1999-03-26
employment,1999-03,1999-03-31,M,0.31093149877994275,1999-04-26
employment,1999-04,1999-04-30,M,0.020917137207199232,1999-05-26
employment,1999-05,1999-05-31,M,-0.13975083677182365,1999-06-26
employment,1999-06,1999-06-30,M,0.5949911630179772,1999-07-26
employment,1999-07,1999-07-31,M,0.20857943438188364,1999-08-26
employment,1999-08,1999-08-31,M,0.09340295922708464,1999-09-26
employment,1999-09,1999-09-30,M,0.15518545218822233,1999-10-26
employment,1999-10,1999-10-31,M,0.45836607918705585,1999-11-26
employment,1999-11,1999-11-30,M,0.11308899776774073,1999-12-26
employment,1999-12,1999-12-31,M,0.3930435867099735,2000-01-26
employment,2000-01,2000-01-31,M,-0.5232192635781119,2000-02-26
employment,2000-02,2000-02-29,M,0.5624914666894965,2000-03-26
employment,2000-03,2000-03-31,M,0.5471506485344557,2000-04-26
employment,2000-04,2000-04-30,M,0.4178124566789787,2000-05-26
employment,2000-05,2000-05-31,M,-0.04625047141358918,2000-06-26
employment,2000-06,2000-06-30,M,0.45417823185316397,2000-07-26
employment,2000-07,2000-07-31,M,0.9180402183395664,2000-08-26
employment,2000-08,2000-08-31,M,-0.03290868875652775,2000-09-26
employment,2000-09,2000-09-30,M,-0.037812255420188734,2000-10-26
employment,2000-10,2000-10-31,M,-0.27994508296528275,2000-11-26
employment,2000-11,2000-11-30,M,-0.6425015478327745,2000-12-26
employment,2000-12,2000-12-31,M,0.46640804636295385,2001-01-26
employment,2001-01,2001-01-31,M,0.15083661281487526,2001-02-26
employment,2001-02,2001-02-28,M,-0.04230486950665968,2001-03-26
employment,2001-03,2001-03-31,M,0.11044171064256147,2001-04-26
employment,2001-04,2001-04-30,M,0.5680678552037577,2001-05-26
employment,2001-05,2001-05-31,M,-0.07837192456600084,2001-06-26
employment,2001-06,2001-06-30,M,-0.03349488779826881,2001-07-26
employment,2001-07,2001-07-31,M,0.2178724174578095,2001-08-26
employment,2001-08,2001-08-31,M,0.24964770007387393,2001-09-26
employment,2001-09,2001-09-30,M,-0.22547620221265996,2001-10-26
employment,2001-10,2001-10-31,M,0.21486827269732167,2001-11-26
employment,2001-11,2001-11-30,M,0.36136599746290354,2001-12-26
employment,2001-12,2001-12-31,M,-0.1509328504219254,2002-01-26
employment,2002-01,2002-01-31,M,0.20138798336561958,2002-02-26
employment,2002-02,2002-02-28,M,0.4809426955449503,2002-03-26
employment,2002-03,2002-03-31,M,0.05980489130419375,2002-04-26
employment,2002-04,2002-04-30,M,-0.13930668295355497,2002-05-26
employment,2002-05,2002-05-31,M,0.16835921879150284,2002-06-26
employment,2002-06,2002-06-30,M,0.28624400449059895,2002-07-26
employment,2002-07,2002-07-31,M,0.06464556203089611,2002-08-26
employment,2002-08,2002-08-31,M,0.6233646023417805,2002-09-26
employment,2002-09,2002-09-30,M,0.015433319643842758,2002-10-26
employment,2002-10,2002-10-31,M,0.09817056621461706,2002-11-26
employment,2002-11,2002-11-30,M,0.5306841916277394,2002-12-26
employment,2002-12,2002-12-31,M,0.473382894874641,2003-01-26
employment,2003-01,2003-01-31,M,0.5473773530016546,2003-02-26
employment,2003-02,2003-02-28,M,0.29152485766443803,2003-03-26
employment,2003-03,2003-03-31,M,-0.4908039270860809,2003-04-26
employment,2003-04,2003-04-30,M,-0.020114185408826035,2003-05-26
employment,2003-05,2003-05-31,M,0.1856095186772766,2003-06-26
employment,2003-06,2003-06-30,M,-0.24743616291638126,2003-07-26
employment,2003-07,2003-07-31,M,-0.0963845701321131,2003-08-26
employment,2003-08,2003-08-31,M,0.6121025044436568,2003-09-26
employment,2003-09,2003-09-30,M,0.08452593448038392,2003-10-26
employment,2003-10,2003-10-31,M,0.2527918487192027,2003-11-26
employment,2003-11,2003-11-30,M,-0.04256316983235475,2003-12-26
employment,2003-12,2003-12-31,M,0.3399355541783722,2004-01-26
employment,2004-01,2004-01-31,M,0.004385605902434975,2004-02-26
employment,2004-02,2004-02-29,M,0.052230535489750096,2004-03-26
employment,2004-03,2004-03-31,M,0.35491356321262213,2004-04-26
employment,2004-04,2004-04-30,M,0.10341852988282607,2004-05-26
employment,2004-05,2004-05-31,M,0.16431943758898893,2004-06-26
employment,2004-06,2004-06-30,M,0.053222726277679655,2004-07-26
employment,2004-07,2004-07-31,M,0.08714361084121158,2004-08-26
employment,2004-08,2004-08-31,M,-0.027896357545620365,2004-09-26
employment,2004-09,2004-09-30,M,0.588691688768761,2004-10-26
employment,2004-10,2004-10-31,M,0.5655825490221922,2004-11-26
employment,2004-11,2004-11-30,M,0.3941978380653133,2004-12-26
employment,2004-12,2004-12-31,M,0.09173830597302146,2005-01-26
employment,2005-01,2005-01-31,M,0.5436241166183908,2005-02-26
employment,2005-02,2005-02-28,M,0.30614190861339985,2005-03-26
employment,2005-03,2005-03-31,M,0.4231810684294235,2005-04-26
employment,2005-04,2005-04-30,M,0.3958114119545719,2005-05-26
employment,2005-05,2005-05-31,M,-0.1650113865712899,2005-06-26
employment,2005-06,2005-06-30,M,0.47268278452186063,2005-07-26
employment,2005-07,2005-07-31,M,0.14919110220528164,2005-08-26
employment,2005-08,2005-08-31,M,0.4464663808150471,2005-09-26
employment,2005-09,2005-09-30,M,-0.16382024299064213,2005-10-26
employment,2005-10,2005-10-31,M,0.047204791283705916,2005-11-26
employment,2005-11,2005-11-30,M,0.0928088901199775,2005-12-26
employment,2005-12,2005-12-31,M,0.15426721089317752,2006-01-26
employment,2006-01,2006-01-31,M,0.0066040289206314995,2006-02-26
employment,2006-02,2006-02-28,M,0.35050565540766243,2006-03-26
employment,2006-03,2006-03-31,M,0.41413409566839476,2006-04-26
employment,2006-04,2006-04-30,M,0.07253909194293584,2006-05-26
employment,2006-05,2006-05-31,M,0.27434243953530224,2006-06-26
employment,2006-06,2006-06-30,M,0.39762921193760015,2006-07-26
employment,2006-07,2006-07-31,M,0.5123998364764182,2006-08-26
employment,2006-08,2006-08-31,M,0.18077845635484646,2006-09-26
employment,2006-09,2006-09-30,M,0.4305674342264254,2006-10-26
employment,2006-10,2006-10-31,M,-0.2693524329143382,2006-11-26
employment,2006-11,2006-11-30,M,0.3335780025758517,2006-12-26
employment,2006-12,2006-12-31,M,0.5145562385421742,2007-01-26
employment,2007-01,2007-01-31,M,-0.02342246045612395,2007-02-26
employment,2007-02,2007-02-28,M,0.2746548877204935,2007-03-26
employment,2007-03,2007-03-31,M,0.27982637695491697,2007-04-26
employment,2007-04,2007-04-30,M,0.28276884917930456,2007-05-26
employment,2007-05,2007-05-31,M,0.34188281903402284,2007-06-26
employment,2007-06,2007-06-30,M,0.21671640600176012,2007-07-26
employment,2007-07,2007-07-31,M,0.21708682348728914,2007-08-26
employment,2007-08,2007-08-31,M,0.36112730873552046,2007-09-26
employment,2007-09,2007-09-30,M,0.27748984500712837,2007-10-26
employment,2007-10,2007-10-31,M,-0.09055422147039582,2007-11-26
employment,2007-11,2007-11-30,M,0.5460468999705093,2007-12-26
employment,2007-12,2007-12-31,M,0.19629607358384593,2008-01-26
employment,2008-01,2008-01-31,M,0.2552095438217883,2008-02-26
employment,2008-02,2008-02-29,M,0.3778353799631651,2008-03-26
employment,2008-03,2008-03-31,M,0.19314794977360883,2008-04-26
employment,2008-04,2008-04-30,M,0.3624286199679805,2008-05-26
employment,2008-05,2008-05-31,M,-0.26566821111758676,2008-06-26
employment,2008-06,2008-06-30,M,0.49842933117447696,2008-07-26
employment,2008-07,2008-07-31,M,0.1673584679216633,2008-08-26
employment,2008-08,2008-08-31,M,0.39283925736384173,2008-09-26
employment,2008-09,2008-09-30,M,-0.14581348927266147,2008-10-26
employment,2008-10,2008-10-31,M,0.08959843695961478,2008-11-26
employment,2008-11,2008-11-30,M,-0.06065837787018191,2008-12-26
employment,2008-12,2008-12-31,M,0.07619410637662583,2009-01-26
employment,2009-01,2009-01-31,M,0.016795221557308615,2009-02-26
employment,2009-02,2009-02-28,M,0.13014879079729091,2009-03-26
employment,2009-03,2009-03-31,M,-0.3172322499048197,2009-04-26
employment,2009-04,2009-04-30,M,0.2204263219376612,2009-05-26
employment,2009-05,2009-05-31,M,-0.201456636570696,2009-06-26
employment,2009-06,2009-06-30,M,-0.16282613658010758,2009-07-26
employment,2009-07,2009-07-31,M,0.41028123347961465,2009-08-26
employment,2009-08,2009-08-31,M,-0.09107804554387977,2009-09-26
employment,2009-09,2009-09-30,M,0.19180767388815578,2009-10-26
employment,2009-10,2009-10-31,M,0.09639726533139381,2009-11-26
employment,2009-11,2009-11-30,M,0.2784668075475061,2009-12-26
employment,2009-12,2009-12-31,M,0.33820620242857036,2010-01-26
employment,2010-01,2010-01-31,M,0.45696147613689675,2010-02-26
employment,2010-02,2010-02-28,M,-0.14919416952172693,2010-03-26
employment,2010-03,2010-03-31,M,0.04454797733239868,2010-04-26
employment,2010-04,2010-04-30,M,0.10835025470758985,2010-05-26
employment,2010-05,2010-05-31,M,0.012218343535153053,2010-06-26
employment,2010-06,2010-06-30,M,0.4932388377452357,2010-07-26
employment,2010-07,2010-07-31,M,0.23816286342641657,2010-08-26
employment,2010-08,2010-08-31,M,0.3804419387606339,2010-09-26
employment,2010-09,2010-09-30,M,0.2388390150042552,2010-10-26
employment,2010-10,2010-10-31,M,0.15442925674313823,2010-11-26
employment,2010-11,2010-11-30,M,0.5281895819760241,2010-12-26
employment,2010-12,2010-12-31,M,0.05572578817383267,2011-01-26
employment,2011-01,2011-01-31,M,0.2925042896564367,2011-02-26
employment,2011-02,2011-02-28,M,-0.22947590020673259,2011-03-26
employment,2011-03,2011-03-31,M,0.3474752657700364,2011-04-26
employment,2011-04,2011-04-30,M,-0.2910552205214967,2011-05-26
employment,2011-05,2011-05-31,M,-0.08720278401156412,2011-06-26
employment,2011-06,2011-06-30,M,0.2949360936779444,2011-07-26
employment,2011-07,2011-07-31,M,0.035594033242491996,2011-08-26
employment,2011-08,2011-08-31,M,0.08029047352640095,2011-09-26
employment,2011-09,2011-09-30,M,0.24340339727568772,2011-10-26
employment,2011-10,2011-10-31,M,0.029211966034226045,2011-11-26
employment,2011-11,2011-11-30,M,0.031264494262961406,2011-12-26
employment,2011-12,2011-12-31,M,-0.1864252877261552,2012-01-26
employment,2012-01,2012-01-31,M,0.6842615274553099,2012-02-26
employment,2012-02,2012-02-29,M,-0.3245735413836548,2012-03-26
employment,2012-03,2012-03-31,M,0.5451010278191504,2012-04-26
employment,2012-04,2012-04-30,M,-0.10031515444283157,2012-05-26
employment,2012-05,2012-05-31,M,0.37107808025065303,2012-06-26
employment,2012-06,2012-06-30,M,-0.22381590479404467,2012-07-26
employment,2012-07,2012-07-31,M,0.08761791517661877,2012-08-26
employment,2012-08,2012-08-31,M,0.10773466936140341,2012-09-26
employment,2012-09,2012-09-30,M,0.25697680053580196,2012-10-26
employment,2012-10,2012-10-31,M,0.00939822539005597,2012-11-26
employment,2012-11,2012-11-30,M,-0.05178779461902927,2012-12-26
employment,2012-12,2012-12-31,M,0.102031010608572,2013-01-26
employment,2013-01,2013-01-31,M,0.6433373738840009,2013-02-26
employment,2013-02,2013-02-28,M,-0.01163634874291608,2013-03-26
employment,2013-03,2013-03-31,M,-0.29357921432904277,2013-04-26
employment,2013-04,2013-04-30,M,0.2820586989781715,2013-05-26
employment,2013-05,2013-05-31,M,-0.08451648425824576,2013-06-26
employment,2013-06,2013-06-30,M,0.10979054384372411,2013-07-26
employment,2013-07,2013-07-31,M,-0.11238465358096583,2013-08-26
employment,2013-08,2013-08-31,M,0.019908927535783327,2013-09-26
employment,2013-09,2013-09-30,M,0.12687212186097696,2013-10-26
employment,2013-10,2013-10-31,M,-0.030951635303766434,2013-11-26
employment,2013-11,2013-11-30,M,-0.18583253575605863,2013-12-26
employment,2013-12,2013-12-31,M,-0.2631447334477177,2014-01-26
employment,2014-01,2014-01-31,M,0.29936717401795043,2014-02-26
employment,2014-02,2014-02-28,M,0.22295021580811536,2014-03-26
employment,2014-03,2014-03-31,M,0.46482219701127203,2014-04-26
employment,2014-04,2014-04-30,M,0.04945115120116306,2014-05-26
employment,2014-05,2014-05-31,M,-0.21730844562283247,2014-06-26
employment,2014-06,2014-06-30,M,0.1382070656831491,2014-07-26
employment,2014-07,2014-07-31,M,0.14332662091303128,2014-08-26
employment,2014-08,2014-08-31,M,0.030356838230938266,2014-09-26
employment,2014-09,2014-09-30,M,-0.014468560585512158,2014-10-26
employment,2014-10,2014-10-31,M,-0.041275856442934966,2014-11-26
employment,2014-11,2014-11-30,M,-0.0026427411854768046,2014-12-26
employment,2014-12,2014-12-31,M,0.4915060337933319,2015-01-26
employment,2015-01,2015-01-31,M,0.08289807908028468,2015-02-26
employment,2015-02,2015-02-28,M,0.5625239097701407,2015-03-26
employment,2015-03,2015-03-31,M,0.17025304059261614,2015-04-26
employment,2015-04,2015-04-30,M,-0.011993417927891326,2015-05-26
employment,2015-05,2015-05-31,M,0.35431081229986283,2015-06-26
employment,2015-06,2015-06-30,M,-0.05165474804008641,2015-07-26
employment,2015-07,2015-07-31,M,0.281051691220946,2015-08-26
employment,2015-08,2015-08-31,M,0.035427011071575976,2015-09-26
employment,2015-09,2015-09-30,M,0.16351273496488794,2015-10-26
employment,2015-10,2015-10-31,M,0.6530452119892782,2015-11-26
employment,2015-11,2015-11-30,M,0.27587351731426235,2015-12-26
employment,2015-12,2015-12-31,M,0.11982608662099992,2016-01-26
employment,2016-01,2016-01-31,M,0.04033736419952749,2016-02-26
employment,2016-02,2016-02-29,M,0.11494150300708217,2016-03-26
employment,2016-03,2016-03-31,M,0.12979837871240907,2016-04-26
employment,2016-04,2016-04-30,M,0.05357765274687232,2016-05-26
employment,2016-05,2016-05-31,M,-0.05316867095888078,2016-06-26
employment,2016-06,2016-06-30,M,0.177168169624764,2016-07-26
employment,2016-07,2016-07-31,M,0.27593313436187206,2016-08-26
employment,2016-08,2016-08-31,M,-0.3347716813727364,2016-09-26
employment,2016-09,2016-09-30,M,-0.11298477036451038,2016-10-26
employment,2016-10,2016-10-31,M,0.15694407911921449,2016-11-26
employment,2016-11,2016-11-30,M,0.21923043620373228,2016-12-26
employment,2016-12,2016-12-31,M,0.25440941073962,2017-01-26
employment,2017-01,2017-01-31,M,0.17857661226279298,2017-02-26
employment,2017-02,2017-02-28,M,-0.20015366687323732,2017-03-26
employment,2017-03,2017-03-31,M,0.5036896541020797,2017-04-26
employment,2017-04,2017-04-30,M,0.47418473394973404,2017-05-26
employment,2017-05,2017-05-31,M,0.26291022993243374,2017-06-26
employment,2017-06,2017-06-30,M,0.26698283881159135,2017-07-26
employment,2017-07,2017-07-31,M,0.29121497583677325,2017-08-26
employment,2017-08,2017-08-31,M,0.4009110686825412,2017-09-26
employment,2017-09,2017-09-30,M,0.3238613776349375,2017-10-26
employment,2017-10,2017-10-31,M,0.029803942749140333,2017-11-26
employment,2017-11,2017-11-30,M,0.3488601732513308,2017-12-26
employment,2017-12,2017-12-31,M,0.24044309815560716,2018-01-26
employment,2018-01,2018-01-31,M,0.3176812527003747,2018-02-26
employment,2018-02,2018-02-28,M,-0.12545681369954265,2018-03-26
employment,2018-03,2018-03-31,M,0.1652305703143675,2018-04-26
employment,2018-04,2018-04-30,M,0.14600387503453938,2018-05-26
employment,2018-05,2018-05-31,M,-0.06614525111136027,2018-06-26
employment,2018-06,2018-06-30,M,0.560575140756181,2018-07-26
employment,2018-07,2018-07-31,M,0.0062715908878407944,2018-08-26
employment,2018-08,2018-08-31,M,0.5018937216881403,2018-09-26
employment,2018-09,2018-09-30,M,0.12504990862658438,2018-10-26
employment,2018-10,2018-10-31,M,0.18490757292188853,2018-11-26
employment,2018-11,2018-11-30,M,0.15599988928847175,2018-12-26
employment,2018-12,2018-12-31,M,0.20326430471167,2019-01-26
employment,2019-01,2019-01-31,M,0.3511055198724966,2019-02-26
employment,2019-02,2019-02-28,M,0.08266081218928356,2019-03-26
employment,2019-03,2019-03-31,M,0.18623000309241355,2019-04-26
employment,2019-04,2019-04-30,M,0.2901361336595132,2019-05-26
employment,2019-05,2019-05-31,M,0.04733448942961793,2019-06-26
employment,2019-06,2019-06-30,M,0.09953774384279246,2019-07-26
employment,2019-07,2019-07-31,M,0.2547350680062621,2019-08-26
employment,2019-08,2019-08-31,M,0.35471264744875164,2019-09-26
employment,2019-09,2019-09-30,M,0.15581861592313118,2019-10-26
employment,2019-10,2019-10-31,M,-0.3812958223223917,2019-11-26
employment,2019-11,2019-11-30,M,0.15964714170739747,2019-12-26
employment,2019-12,2019-12-31,M,0.38670602656591946,2020-01-26
employment,2020-01,2020-01-31,M,0.054865169891948895,2020-02-26
employment,2020-02,2020-02-29,M,-0.003270555543621878,2020-03-26
employment,2020-03,2020-03-31,M,-0.038233528733555566,2020-04-26
employment,2020-04,2020-04-30,M,-4.476463980959,2020-05-26
employment,2020-05,2020-05-31,M,-2.3922741505340572,2020-06-26
employment,2020-06,2020-06-30,M,1.89342829577126,2020-07-26
employment,2020-07,2020-07-31,M,1.1118048584703333,2020-08-26
employment,2020-08,2020-08-31,M,1.0918185238772526,2020-09-26
employment,2020-09,2020-09-30,M,-0.25742196115648985,2020-10-26
employment,2020-10,2020-10-31,M,1.1045298169108042,2020-11-26
employment,2020-11,2020-11-30,M,0.6632228164388909,2020-12-26
employment,2020-12,2020-12-31,M,0.4370894238780121,2021-01-26
employment,2021-01,2021-01-31,M,0.3401447281279557,2021-02-26
employment,2021-02,2021-02-28,M,0.4070887465401629,2021-03-26
employment,2021-03,2021-03-31,M,0.4628361844288609,2021-04-26
employment,2021-04,2021-04-30,M,-0.03703451663374935,2021-05-26
employment,2021-05,2021-05-31,M,0.6992094369764335,2021-06-26
employment,2021-06,2021-06-30,M,0.15798696117039768,2021-07-26
employment,2021-07,2021-07-31,M,0.19559796162713639,2021-08-26
employment,2021-08,2021-08-31,M,-1.0150398408488082,2021-09-26
employment,2021-09,2021-09-30,M,-0.9668251324597144,2021-10-26
employment,2021-10,2021-10-31,M,-0.38341430090755857,2021-11-26
employment,2021-11,2021-11-30,M,2.8634672774642045,2021-12-26
employment,2021-12,2021-12-31,M,0.6318849313246222,2022-01-26
employment,2022-01,2022-01-31,M,0.49448270165637354,2022-02-26
employment,2022-02,2022-02-28,M,0.5607746944653158,2022-03-26
employment,2022-03,2022-03-31,M,0.16329086822028938,2022-04-26
employment,2022-04,2022-04-30,M,0.463059427664847,2022-05-26
employment,2022-05,2022-05-31,M,0.2850879260608563,2022-06-26
employment,2022-06,2022-06-30,M,0.6989774428017403,2022-07-26
employment,2022-07,2022-07-31,M,0.07591959298478557,2022-08-26
employment,2022-08,2022-08-31,M,0.529180134072571,2022-09-26
employment,2022-09,2022-09-30,M,0.05891569886053993,2022-10-26
employment,2022-10,2022-10-31,M,0.28542302537839515,2022-11-26
employment,2022-11,2022-11-30,M,0.49953035314316274,2022-12-26
employment,2022-12,2022-12-31,M,-0.020233395805269172,2023-01-26
employment,2023-01,2023-01-31,M,0.16615487659399353,2023-02-26
employment,2023-02,2023-02-28,M,0.28038079648879943,2023-03-26
employment,2023-03,2023-03-31,M,0.6515762244149181,2023-04-26
employment,2023-04,2023-04-30,M,-0.002228769690415522,2023-05-26
employment,2023-05,2023-05-31,M,0.6401895134759528,2023-06-26
employment,2023-06,2023-06-30,M,0.07052744758322405,2023-07-26
employment,2023-07,2023-07-31,M,-0.004929364965600147,2023-08-26
employment,2023-08,2023-08-31,M,0.5183826706836259,2023-09-26
employment,2023-09,2023-09-30,M,-0.04181778646952239,2023-10-26
employment,2023-10,2023-10-31,M,0.39824226085733994,2023-11-26
employment,2023-11,2023-11-30,M,0.3463816930764141,2023-12-26
employment,2023-12,2023-12-31,M,-0.37302286672380447,2024-01-26
employment,2024-01,2024-01-31,M,-0.009867405556795994,2024-02-26
employment,2024-02,2024-02-29,M,0.7558020551682976,2024-03-26
employment,2024-03,2024-03-31,M,-0.14997036873809488,2024-04-26
employment,2024-04,2024-04-30,M,0.25420718349238314,2024-05-26
employment,2024-05,2024-05-31,M,0.21946456473211917,2024-06-26
employment,2024-06,2024-06-30,M,0.15507463029933444,2024-07-26
employment,2024-07,2024-07-31,M,0.3840713228552506,2024-08-26
employment,2024-08,2024-08-31,M,0.22879400912474424,2024-09-26
employment,2024-09,2024-09-30,M,0.25740977336630166,2024-10-26
employment,2024-10,2024-10-31,M,-0.013114658007185032,2024-11-26
employment,2024-11,2024-11-30,M,0.1343782280352146,2024-12-26
employment,2024-12,2024-12-31,M,0.3290676236555212,2025-01-26
employment,2025-01,2025-01-31,M,0.2286837226644245,2025-02-26
employment,2025-02,2025-02-28,M,-0.5144757488426022,2025-03-26
employment,2025-03,2025-03-31,M,0.21464563093718247,2025-04-26
employment,2025-04,2025-04-30,M,0.7175352996211082,2025-05-26
employment,2025-05,2025-05-31,M,-0.043003918761286286,2025-06-26
employment,2025-06,2025-06-30,M,-0.18349069306105026,2025-07-26
employment,2025-07,2025-07-31,M,0.2782473990596168,2025-08-26
employment,2025-08,2025-08-31,M,-0.0893246356323596,2025-09-26
employment,2025-09,2025-09-30,M,0.06813209476714821,2025-10-26
employment,2025-10,2025-10-31,M,0.2303132261916474,2025-11-26
employment,2025-11,2025-11-30,M,-0.26045118674753454,2025-12-26
employment,2025-12,2025-12-31,M,0.3951813475162824,2026-01-26
employment,2026-01,2026-01-31,M,0.2484924286876078,2026-02-26
employment,2026-02,2026-02-28,M,0.1555262471659269,2026-03-26
employment,2026-03,2026-03-31,M,0.13821189816212165,2026-04-26
employment,2026-04,2026-04-30,M,-0.2618376307514936,2026-05-26
employment,2026-05,2026-05-31,M,0.29921942665311896,2026-06-26
employment,2026-06,2026-06-30,M,0.517683557396742,2026-07-26
gdp_growth,1959Q4,1959-12-31,Q,0.9401053907622359,1960-03-05
gdp_growth,1960Q1,1960-03-31,Q,0.5073405063601433,1960-06-04
gdp_growth,1960Q2,1960-06-30,Q,2.7323936792820858,1960-09-03
gdp_growth,1960Q3,1960-09-30,Q,0.2148189467937378,1960-12-04
gdp_growth,1960Q4,1960-12-31,Q,-0.18001373789052755,1961-03-06
gdp_growth,1961Q1,1961-03-31,Q,0.3001684740051802,1961-06-04
gdp_growth,1961Q2,1961-06-30,Q,-1.1000839849063748,1961-09-03
gdp_growth,1961Q3,1961-09-30,Q,-0.7212142233491647,1961-12-04
gdp_growth,1961Q4,1961-12-31,Q,1.1481097751969704,1962-03-06
gdp_growth,1962Q1,1962-03-31,Q,2.797794161435929,1962-06-04
gdp_growth,1962Q2,1962-06-30,Q,1.9245029429485028,1962-09-03
gdp_growth,1962Q3,1962-09-30,Q,0.8002819174936615,1962-12-04
gdp_growth,1962Q4,1962-12-31,Q,1.7931050037779173,1963-03-06
gdp_growth,1963Q1,1963-03-31,Q,2.3143480717459086,1963-06-04
gdp_growth,1963Q2,1963-06-30,Q,-1.2917966042966023,1963-09-03
gdp_growth,1963Q3,1963-09-30,Q,4.104915587051194,1963-12-04
gdp_growth,1963Q4,1963-12-31,Q,2.132748864606282,1964-03-05
gdp_growth,1964Q1,1964-03-31,Q,-0.1722981686871239,1964-06-04
gdp_growth,1964Q2,1964-06-30,Q,2.4752475247524774,1964-09-03
gdp_growth,1964Q3,1964-09-30,Q,0.6121852087178414,1964-12-04
gdp_growth,1964Q4,1964-12-31,Q,2.8398155573376105,1965-03-06
gdp_growth,1965Q1,1965-03-31,Q,0.8548341504781121,1965-06-04
gdp_growth,1965Q2,1965-06-30,Q,1.5656712090460934,1965-09-03
gdp_growth,1965Q3,1965-09-30,Q,-0.3006946426872159,1965-12-04
gdp_growth,1965Q4,1965-12-31,Q,0.24624429724930952,1966-03-06
gdp_growth,1966Q1,1966-03-31,Q,-0.28562723741335505,1966-06-04
gdp_growth,1966Q2,1966-06-30,Q,1.3634801206889868,1966-09-03
gdp_growth,1966Q3,1966-09-30,Q,2.82592313489074,1966-12-04
gdp_growth,1966Q4,1966-12-31,Q,0.6604983510443363,1967-03-06
gdp_growth,1967Q1,1967-03-31,Q,3.9069538864771935,1967-06-04
gdp_growth,1967Q2,1967-06-30,Q,-0.13838527160299208,1967-09-03
gdp_growth,1967Q3,1967-09-30,Q,1.8742983440920513,1967-12-04
gdp_growth,1967Q4,1967-12-31,Q,0.868681824834483,1968-03-05
gdp_growth,1968Q1,1968-03-31,Q,-0.8893668595619686,1968-06-04
gdp_growth,1968Q2,1968-06-30,Q,3.8434378229417865,1968-09-03
gdp_growth,1968Q3,1968-09-30,Q,1.3219110488211339,1968-12-04
gdp_growth,1968Q4,1968-12-31,Q,3.731471553565724,1969-03-06
gdp_growth,1969Q1,1969-03-31,Q,-0.6825211463199143,1969-06-04
gdp_growth,1969Q2,1969-06-30,Q,1.9774213281852138,1969-09-03
gdp_growth,1969Q3,1969-09-30,Q,1.6508258024306555,1969-12-04
gdp_growth,1969Q4,1969-12-31,Q,2.3061182259214164,1970-03-06
gdp_growth,1970Q1,1970-03-31,Q,2.0735946302289365,1970-06-04
gdp_growth,1970Q2,1970-06-30,Q,2.028534523250358,1970-09-03
gdp_growth,1970Q3,1970-09-30,Q,-0.2093223996547211,1970-12-04
gdp_growth,1970Q4,1970-12-31,Q,0.4361020406692173,1971-03-06
gdp_growth,1971Q1,1971-03-31,Q,1.2452093530652908,1971-06-04
gdp_growth,1971Q2,1971-06-30,Q,0.43595687216893,1971-09-03
gdp_growth,1971Q3,1971-09-30,Q,3.118912509528249,1971-12-04
gdp_growth,1971Q4,1971-12-31,Q,-0.3230597592109641,1972-03-05
gdp_growth,1972Q1,1972-03-31,Q,-1.1920538896251442,1972-06-04
gdp_growth,1972Q2,1972-06-30,Q,2.2266235796935208,1972-09-03
gdp_growth,1972Q3,1972-09-30,Q,-0.503742377582439,1972-12-04
gdp_growth,1972Q4,1972-12-31,Q,1.045381871848483,1973-03-06
gdp_growth,1973Q1,1973-03-31,Q,2.5965595585848655,1973-06-04
gdp_growth,1973Q2,1973-06-30,Q,0.18849520194030855,1973-09-03
gdp_growth,1973Q3,1973-09-30,Q,1.0012235715131546,1973-12-04
gdp_growth,1973Q4,1973-12-31,Q,2.4964829095456498,1974-03-06
gdp_growth,1974Q1,1974-03-31,Q,0.030501560027706986,1974-06-04
gdp_growth,1974Q2,1974-06-30,Q,-2.029641017170958,1974-09-03
gdp_growth,1974Q3,1974-09-30,Q,1.182710637911577,1974-12-04
gdp_growth,1974Q4,1974-12-31,Q,0.11535060174563405,1975-03-06
gdp_growth,1975Q1,1975-03-31,Q,0.3821386965037865,1975-06-04
gdp_growth,1975Q2,1975-06-30,Q,3.162801374798341,1975-09-03
gdp_growth,1975Q3,1975-09-30,Q,-1.1076565522953552,1975-12-04
gdp_growth,1975Q4,1975-12-31,Q,-1.5032095555374991,1976-03-05
gdp_growth,1976Q1,1976-03-31,Q,4.430596626603878,1976-06-04
gdp_growth,1976Q2,1976-06-30,Q,0.29774925866510316,1976-09-03
gdp_growth,1976Q3,1976-09-30,Q,0.8124416871645224,1976-12-04
gdp_growth,1976Q4,1976-12-31,Q,0.8611830599943415,1977-03-06
gdp_growth,1977Q1,1977-03-31,Q,-0.5380380380380356,1977-06-04
gdp_growth,1977Q2,1977-06-30,Q,1.4167700040136788,1977-09-03
gdp_growth,1977Q3,1977-09-30,Q,-0.4288397698678059,1977-12-04
gdp_growth,1977Q4,1977-12-31,Q,-0.31263347729106883,1978-03-06
gdp_growth,1978Q1,1978-03-31,Q,0.6968537440267486,1978-06-04
gdp_growth,1978Q2,1978-06-30,Q,0.8421388554003206,1978-09-03
gdp_growth,1978Q3,1978-09-30,Q,1.5201861261039618,1978-12-04
gdp_growth,1978Q4,1978-12-31,Q,0.8116330218032486,1979-03-06
gdp_growth,1979Q1,1979-03-31,Q,2.7519941364086753,1979-06-04
gdp_growth,1979Q2,1979-06-30,Q,-1.61053927988275,1979-09-03
gdp_growth,1979Q3,1979-09-30,Q,0.9288995372494391,1979-12-04
gdp_growth,1979Q4,1979-12-31,Q,1.9248792040091445,1980-03-05
gdp_growth,1980Q1,1980-03-31,Q,0.4707553558745303,1980-06-04
gdp_growth,1980Q2,1980-06-30,Q,0.24715308146734394,1980-09-03
gdp_growth,1980Q3,1980-09-30,Q,0.5422868981954654,1980-12-04
gdp_growth,1980Q4,1980-12-31,Q,1.7126918622669463,1981-03-06
gdp_growth,1981Q1,1981-03-31,Q,0.37579314805609165,1981-06-04
gdp_growth,1981Q2,1981-06-30,Q,1.5571910914184084,1981-09-03
gdp_growth,1981Q3,1981-09-30,Q,2.018374602775075,1981-12-04
gdp_growth,1981Q4,1981-12-31,Q,-0.40966964281125007,1982-03-06
gdp_growth,1982Q1,1982-03-31,Q,-0.8000000000000007,1982-06-04
gdp_growth,1982Q2,1982-06-30,Q,0.890738813735692,1982-09-03
gdp_growth,1982Q3,1982-09-30,Q,-0.6616403316968555,1982-12-04
gdp_growth,1982Q4,1982-12-31,Q,-1.6093111629090107,1983-03-06
gdp_growth,1983Q1,1983-03-31,Q,-0.9655514459528614,1983-06-04
gdp_growth,1983Q2,1983-06-30,Q,-0.2040501014922813,1983-09-03
gdp_growth,1983Q3,1983-09-30,Q,2.78193000064062,1983-12-04
gdp_growth,1983Q4,1983-12-31,Q,1.6828808426869957,1984-03-05
gdp_growth,1984Q1,1984-03-31,Q,2.443721362640283,1984-06-04
gdp_growth,1984Q2,1984-06-30,Q,1.1652896270774038,1984-09-03
gdp_growth,1984Q3,1984-09-30,Q,0.9246480817002523,1984-12-04
gdp_growth,1984Q4,1984-12-31,Q,0.6050868316696212,1985-03-06
gdp_growth,1985Q1,1985-03-31,Q,1.478619243409085,1985-06-04
gdp_growth,1985Q2,1985-06-30,Q,2.242058082076448,1985-09-03
gdp_growth,1985Q3,1985-09-30,Q,1.2838267769584855,1985-12-04
gdp_growth,1985Q4,1985-12-31,Q,-0.28640059127863493,1986-03-06
gdp_growth,1986Q1,1986-03-31,Q,0.6870193644028522,1986-06-04
gdp_growth,1986Q2,1986-06-30,Q,-0.1771393603658744,1986-09-03
gdp_growth,1986Q3,1986-09-30,Q,0.26134090469123183,1986-12-04
gdp_growth,1986Q4,1986-12-31,Q,1.6448684059303442,1987-03-06
gdp_growth,1987Q1,1987-03-31,Q,0.9963682084820125,1987-06-04
gdp_growth,1987Q2,1987-06-30,Q,1.5942249648464468,1987-09-03
gdp_growth,1987Q3,1987-09-30,Q,1.7997408161646078,1987-12-04
gdp_growth,1987Q4,1987-12-31,Q,2.019493481244772,1988-03-05
gdp_growth,1988Q1,1988-03-31,Q,0.4193317007125996,1988-06-04
gdp_growth,1988Q2,1988-06-30,Q,0.10228190075274313,1988-09-03
gdp_growth,1988Q3,1988-09-30,Q,0.7975747647175568,1988-12-04
gdp_growth,1988Q4,1988-12-31,Q,1.6420086121676114,1989-03-06
gdp_growth,1989Q1,1989-03-31,Q,0.924781168092581,1989-06-04
gdp_growth,1989Q2,1989-06-30,Q,2.161325623938315,1989-09-03
gdp_growth,1989Q3,1989-09-30,Q,0.850956676752368,1989-12-04
gdp_growth,1989Q4,1989-12-31,Q,-0.2683122091963308,1990-03-06
gdp_growth,1990Q1,1990-03-31,Q,0.7494804105849129,1990-06-04
gdp_growth,1990Q2,1990-06-30,Q,0.13568574550244517,1990-09-03
gdp_growth,1990Q3,1990-09-30,Q,-0.5203430088509542,1990-12-04
gdp_growth,1990Q4,1990-12-31,Q,0.5507820233617178,1991-03-06
gdp_growth,1991Q1,1991-03-31,Q,-1.2561973056733677,1991-06-04
gdp_growth,1991Q2,1991-06-30,Q,-0.2089722473688993,1991-09-03
gdp_growth,1991Q3,1991-09-30,Q,0.45678523900298806,1991-12-04
gdp_growth,1991Q4,1991-12-31,Q,0.07001631061780422,1992-03-05
gdp_growth,1992Q1,1992-03-31,Q,0.792300414238345,1992-06-04
gdp_growth,1992Q2,1992-06-30,Q,0.7241489474991925,1992-09-03
gdp_growth,1992Q3,1992-09-30,Q,0.9695545766030378,1992-12-04
gdp_growth,1992Q4,1992-12-31,Q,2.0942327157932317,1993-03-06
gdp_growth,1993Q1,1993-03-31,Q,0.6932547264777655,1993-06-04
gdp_growth,1993Q2,1993-06-30,Q,0.5711569512139913,1993-09-03
gdp_growth,1993Q3,1993-09-30,Q,0.12078472560861364,1993-12-04
gdp_growth,1993Q4,1993-12-31,Q,1.8294419134396334,1994-03-06
gdp_growth,1994Q1,1994-03-31,Q,1.667801100093813,1994-06-04
gdp_growth,1994Q2,1994-06-30,Q,1.1916997191743217,1994-09-03
gdp_growth,1994Q3,1994-09-30,Q,0.7624606163342484,1994-12-04
gdp_growth,1994Q4,1994-12-31,Q,1.1030938446085825,1995-03-06
gdp_growth,1995Q1,1995-03-31,Q,-0.0793369397706245,1995-06-04
gdp_growth,1995Q2,1995-06-30,Q,0.4763995994870651,1995-09-03
gdp_growth,1995Q3,1995-09-30,Q,2.3109118818424257,1995-12-04
gdp_growth,1995Q4,1995-12-31,Q,-0.016062884483936113,1996-03-05
gdp_growth,1996Q1,1996-03-31,Q,1.5450191931034807,1996-06-04
gdp_growth,1996Q2,1996-06-30,Q,0.6402466733765877,1996-09-03
gdp_growth,1996Q3,1996-09-30,Q,0.797725562337992,1996-12-04
gdp_growth,1996Q4,1996-12-31,Q,0.9543403238651438,1997-03-06
gdp_growth,1997Q1,1997-03-31,Q,0.702415230281761,1997-06-04
gdp_growth,1997Q2,1997-06-30,Q,2.982965209075217,1997-09-03
gdp_growth,1997Q3,1997-09-30,Q,0.14833033291918873,1997-12-04
gdp_growth,1997Q4,1997-12-31,Q,1.4437622634343894,1998-03-06
gdp_growth,1998Q1,1998-03-31,Q,0.6092805311004534,1998-06-04
gdp_growth,1998Q2,1998-06-30,Q,1.047148017798727,1998-09-03
gdp_growth,1998Q3,1998-09-30,Q,1.8623876859625854,1998-12-04
gdp_growth,1998Q4,1998-12-31,Q,1.5493717256982453,1999-03-06
gdp_growth,1999Q1,1999-03-31,Q,0.7443248567122751,1999-06-04
gdp_growth,1999Q2,1999-06-30,Q,0.378099666365328,1999-09-03
gdp_growth,1999Q3,1999-09-30,Q,1.1056774144339476,1999-12-04
gdp_growth,1999Q4,1999-12-31,Q,1.7014559867225998,2000-03-05
gdp_growth,2000Q1,2000-03-31,Q,0.3914296311089638,2000-06-04
gdp_growth,2000Q2,2000-06-30,Q,0.9724850944350605,2000-09-03
gdp_growth,2000Q3,2000-09-30,Q,0.28060477788034444,2000-12-04
gdp_growth,2000Q4,2000-12-31,Q,-0.39376819037836297,2001-03-06
gdp_growth,2001Q1,2001-03-31,Q,0.9430878731353731,2001-06-04
gdp_growth,2001Q2,2001-06-30,Q,0.8764951360102691,2001-09-03
gdp_growth,2001Q3,2001-09-30,Q,1.1439323712937766,2001-12-04
gdp_growth,2001Q4,2001-12-31,Q,1.1930980332075736,2002-03-06
gdp_growth,2002Q1,2002-03-31,Q,0.7797123391370064,2002-06-04
gdp_growth,2002Q2,2002-06-30,Q,1.7217327853548126,2002-09-03
gdp_growth,2002Q3,2002-09-30,Q,0.24684716046647903,2002-12-04
gdp_growth,2002Q4,2002-12-31,Q,0.8402653912732427,2003-03-06
gdp_growth,2003Q1,2003-03-31,Q,0.23036064615769014,2003-06-04
gdp_growth,2003Q2,2003-06-30,Q,0.3909473054048096,2003-09-03
gdp_growth,2003Q3,2003-09-30,Q,1.7054838383497861,2003-12-04
gdp_growth,2003Q4,2003-12-31,Q,1.6993180804282693,2004-03-05
gdp_growth,2004Q1,2004-03-31,Q,0.7462256323616856,2004-06-04
gdp_growth,2004Q2,2004-06-30,Q,0.7367174398758003,2004-09-03
gdp_growth,2004Q3,2004-09-30,Q,0.6769923853793269,2004-12-04
gdp_growth,2004Q4,2004-12-31,Q,0.765909425445277,2005-03-06
gdp_growth,2005Q1,2005-03-31,Q,0.8211967609837778,2005-06-04
gdp_growth,2005Q2,2005-06-30,Q,0.44576989483597895,2005-09-03
gdp_growth,2005Q3,2005-09-30,Q,1.0851978911484483,2005-12-04
gdp_growth,2005Q4,2005-12-31,Q,0.8426184672096992,2006-03-06
gdp_growth,2006Q1,2006-03-31,Q,0.06697828865755984,2006-06-04
gdp_growth,2006Q2,2006-06-30,Q,0.23968776956035942,2006-09-03
gdp_growth,2006Q3,2006-09-30,Q,1.5317914318429215,2006-12-04
gdp_growth,2006Q4,2006-12-31,Q,1.2565013407929815,2007-03-06
gdp_growth,2007Q1,2007-03-31,Q,1.3634908292549097,2007-06-04
gdp_growth,2007Q2,2007-06-30,Q,0.626097080018595,2007-09-03
gdp_growth,2007Q3,2007-09-30,Q,1.2040439733899566,2007-12-04
gdp_growth,2007Q4,2007-12-31,Q,0.36599928661156245,2008-03-05
gdp_growth,2008Q1,2008-03-31,Q,1.1096664819797875,2008-06-04
gdp_growth,2008Q2,2008-06-30,Q,0.3397038725368118,2008-09-03
gdp_growth,2008Q3,2008-09-30,Q,0.7077863020613417,2008-12-04
gdp_growth,2008Q4,2008-12-31,Q,-0.426051355176027,2009-03-06
gdp_growth,2009Q1,2009-03-31,Q,1.0061121803147444,2009-06-04
gdp_growth,2009Q2,2009-06-30,Q,0.6171593057226366,2009-09-03
gdp_growth,2009Q3,2009-09-30,Q,0.35376275905063537,2009-12-04
gdp_growth,2009Q4,2009-12-31,Q,0.8033187958727872,2010-03-06
gdp_growth,2010Q1,2010-03-31,Q,0.4448890520992954,2010-06-04
gdp_growth,2010Q2,2010-06-30,Q,0.6225653136779474,2010-09-03
gdp_growth,2010Q3,2010-09-30,Q,0.7028651254862739,2010-12-04
gdp_growth,2010Q4,2010-12-31,Q,0.8366804005283335,2011-03-06
gdp_growth,2011Q1,2011-03-31,Q,-0.29159075299507453,2011-06-04
gdp_growth,2011Q2,2011-06-30,Q,1.2075152615079965,2011-09-03
gdp_growth,2011Q3,2011-09-30,Q,1.394235177845471,2011-12-04
gdp_growth,2011Q4,2011-12-31,Q,1.111184801548304,2012-03-05
gdp_growth,2012Q1,2012-03-31,Q,1.040933719733017,2012-06-04
gdp_growth,2012Q2,2012-06-30,Q,0.7178224151803025,2012-09-03
gdp_growth,2012Q3,2012-09-30,Q,0.6129002015656582,2012-12-04
gdp_growth,2012Q4,2012-12-31,Q,0.4418302176149691,2013-03-06
gdp_growth,2013Q1,2013-03-31,Q,0.5170021221245991,2013-06-04
gdp_growth,2013Q2,2013-06-30,Q,0.3782103172390361,2013-09-03
gdp_growth,2013Q3,2013-09-30,Q,0.8232959421355934,2013-12-04
gdp_growth,2013Q4,2013-12-31,Q,0.7797152443449695,2014-03-06
gdp_growth,2014Q1,2014-03-31,Q,0.779715336035447,2014-06-04
gdp_growth,2014Q2,2014-06-30,Q,0.4983295484730199,2014-09-03
gdp_growth,2014Q3,2014-09-30,Q,0.40055839925545733,2014-12-04
gdp_growth,2014Q4,2014-12-31,Q,0.3676293376739359,2015-03-06
gdp_growth,2015Q1,2015-03-31,Q,0.9697350314471276,2015-06-04
gdp_growth,2015Q2,2015-06-30,Q,0.11817757735965717,2015-09-03
gdp_growth,2015Q3,2015-09-30,Q,0.9742709869335897,2015-12-04
gdp_growth,2015Q4,2015-12-31,Q,0.6206875335904138,2016-03-05
gdp_growth,2016Q1,2016-03-31,Q,0.9164758840593201,2016-06-04
gdp_growth,2016Q2,2016-06-30,Q,0.6586603319320261,2016-09-03
gdp_growth,2016Q3,2016-09-30,Q,-0.009383271220797518,2016-12-04
gdp_growth,2016Q4,2016-12-31,Q,1.165936591463601,2017-03-06
gdp_growth,2017Q1,2017-03-31,Q,0.31188360545848504,2017-06-04
gdp_growth,2017Q2,2017-06-30,Q,0.5984482220155574,2017-09-03
gdp_growth,2017Q3,2017-09-30,Q,0.9476585168727958,2017-12-04
gdp_growth,2017Q4,2017-12-31,Q,0.3992832144704028,2018-03-06
gdp_growth,2018Q1,2018-03-31,Q,1.031201282755534,2018-06-04
gdp_growth,2018Q2,2018-06-30,Q,0.7422174720906227,2018-09-03
gdp_growth,2018Q3,2018-09-30,Q,0.37745365894665817,2018-12-04
gdp_growth,2018Q4,2018-12-31,Q,0.25493283307091996,2019-03-06
gdp_growth,2019Q1,2019-03-31,Q,0.725262387601866,2019-06-04
gdp_growth,2019Q2,2019-06-30,Q,0.30569778879152576,2019-09-03
gdp_growth,2019Q3,2019-09-30,Q,0.5839008079692398,2019-12-04
gdp_growth,2019Q4,2019-12-31,Q,0.5907042582329547,2020-03-05
gdp_growth,2020Q1,2020-03-31,Q,-0.21900792677943537,2020-06-04
gdp_growth,2020Q2,2020-06-30,Q,-6.7428870943964885,2020-09-03
gdp_growth,2020Q3,2020-09-30,Q,3.4748763489208523,2020-12-04
gdp_growth,2020Q4,2020-12-31,Q,3.4043535530478897,2021-03-06
gdp_growth,2021Q1,2021-03-31,Q,2.1620725429426946,2021-06-04
gdp_growth,2021Q2,2021-06-30,Q,0.8204320685139432,2021-09-03
gdp_growth,2021Q3,2021-09-30,Q,-1.7127757741118521,2021-12-04
gdp_growth,2021Q4,2021-12-31,Q,3.628424196629232,2022-03-06
gdp_growth,2022Q1,2022-03-31,Q,0.9288192135392226,2022-06-04
gdp_growth,2022Q2,2022-06-30,Q,0.990656205089091,2022-09-03
gdp_growth,2022Q3,2022-09-30,Q,0.48049099117768446,2022-12-04
gdp_growth,2022Q4,2022-12-31,Q,0.8251508295049836,2023-03-06
gdp_growth,2023Q1,2023-03-31,Q,0.4779164419014936,2023-06-04
gdp_growth,2023Q2,2023-06-30,Q,0.4551335993557615,2023-09-03
gdp_growth,2023Q3,2023-09-30,Q,0.40323064913228013,2023-12-04
gdp_growth,2023Q4,2023-12-31,Q,-0.00777504986498867,2024-03-05
gdp_growth,2024Q1,2024-03-31,Q,0.24433498715521473,2024-06-04
gdp_growth,2024Q2,2024-06-30,Q,0.25179448319481157,2024-09-03
gdp_growth,2024Q3,2024-09-30,Q,0.3056201977157391,2024-12-04
gdp_growth,2024Q4,2024-12-31,Q,0.43715603815288606,2025-03-06
gdp_growth,2025Q1,2025-03-31,Q,0.2603839740531688,2025-06-04
gdp_growth,2025Q2,2025-06-30,Q,0.9687113310942186,2025-09-03
gdp_growth,2025Q3,2025-09-30,Q,0.3819578183176242,2025-12-04
gdp_growth,2025Q4,2025-12-31,Q,0.873067319347598,2026-03-06
gdp_growth,2026Q1,2026-03-31,Q,0.2743353778811297,2026-06-04
goods_exports,1971-08,1971-08-31,M,-5.200945626477537,1971-10-10
goods_exports,1971-09,1971-09-30,M,-4.488778054862841,1971-11-09
goods_exports,1971-10,1971-10-31,M,-6.266318537859005,1971-12-10
goods_exports,1971-11,1971-11-30,M,5.292479108635106,1972-01-09
goods_exports,1971-12,1971-12-31,M,0.0,1972-02-09
goods_exports,1972-01,1972-01-31,M,0.2645502645502562,1972-03-11
goods_exports,1972-02,1972-02-29,M,0.0,1972-04-09
goods_exports,1972-03,1972-03-31,M,10.290237467018471,1972-05-10
goods_exports,1972-04,1972-04-30,M,3.8277511961722466,1972-06-09
goods_exports,1972-05,1972-05-31,M,0.691244239631339,1972-07-10
goods_exports,1972-06,1972-06-30,M,-5.491990846681927,1972-08-09
goods_exports,1972-07,1972-07-31,M,-1.6949152542372836,1972-09-09
goods_exports,1972-08,1972-08-31,M,11.822660098522174,1972-10-10
goods_exports,1972-09,1972-09-30,M,6.38766519823788,1972-11-09
goods_exports,1972-10,1972-10-31,M,2.2774327122153215,1972-12-10
goods_exports,1972-11,1972-11-30,M,3.441295546558698,1973-01-09
goods_exports,1972-12,1972-12-31,M,0.0,1973-02-09
goods_exports,1973-01,1973-01-31,M,9.589041095890405,1973-03-12
goods_exports,1973-02,1973-02-28,M,-5.535714285714288,1973-04-09
goods_exports,1973-03,1973-03-31,M,4.15879017013232,1973-05-10
goods_exports,1973-04,1973-04-30,M,-8.166969147005442,1973-06-09
goods_exports,1973-05,1973-05-31,M,7.707509881422925,1973-07-10
goods_exports,1973-06,1973-06-30,M,1.83486238532109,1973-08-09
goods_exports,1973-07,1973-07-31,M,-2.7027027027026973,1973-09-09
goods_exports,1973-08,1973-08-31,M,1.2962962962963065,1973-10-10
goods_exports,1973-09,1973-09-30,M,1.4625228519195677,1973-11-09
goods_exports,1973-10,1973-10-31,M,5.405405405405395,1973-12-10
goods_exports,1973-11,1973-11-30,M,-3.076923076923077,1974-01-09
goods_exports,1973-12,1973-12-31,M,-0.7054673721340388,1974-02-09
goods_exports,1974-01,1974-01-31,M,-3.019538188277082,1974-03-12
goods_exports,1974-02,1974-02-28,M,12.271062271062272,1974-04-09
goods_exports,1974-03,1974-03-31,M,-13.2137030995106,1974-05-10
goods_exports,1974-04,1974-04-30,M,-0.3759398496240629,1974-06-09
goods_exports,1974-05,1974-05-31,M,21.13207547169811,1974-07-10
goods_exports,1974-06,1974-06-30,M,-7.788161993769471,1974-08-09
goods_exports,1974-07,1974-07-31,M,5.067567567567566,1974-09-09
goods_exports,1974-08,1974-08-31,M,0.6430868167202508,1974-10-10
goods_exports,1974-09,1974-09-30,M,17.092651757188506,1974-11-09
goods_exports,1974-10,1974-10-31,M,-8.049113233287864,1974-12-10
goods_exports,1974-11,1974-11-30,M,4.896142433234418,1975-01-09
goods_exports,1974-12,1974-12-31,M,6.789250353606779,1975-02-09
goods_exports,1975-01,1975-01-31,M,-5.960264900662249,1975-03-12
goods_exports,1975-02,1975-02-28,M,8.169014084507031,1975-04-09
goods_exports,1975-03,1975-03-31,M,-8.463541666666663,1975-05-10
goods_exports,1975-04,1975-04-30,M,10.81081081081081,1975-06-09
goods_exports,1975-05,1975-05-31,M,1.1553273427471034,1975-07-10
goods_exports,1975-06,1975-06-30,M,2.284263959390853,1975-08-09
goods_exports,1975-07,1975-07-31,M,-4.590570719602982,1975-09-09
goods_exports,1975-08,1975-08-31,M,3.6410923276983143,1975-10-10
goods_exports,1975-09,1975-09-30,M,-12.170639899623591,1975-11-09
goods_exports,1975-10,1975-10-31,M,9.857142857142854,1975-12-10
goods_exports,1975-11,1975-11-30,M,-4.551365409622887,1976-01-09
goods_exports,1975-12,1975-12-31,M,3.2697547683923744,1976-02-09
goods_exports,1976-01,1976-01-31,M,1.846965699208436,1976-03-11
goods_exports,1976-02,1976-02-29,M,2.4611398963730657,1976-04-09
goods_exports,1976-03,1976-03-31,M,8.723135271807836,1976-05-10
goods_exports,1976-04,1976-04-30,M,7.325581395348846,1976-06-09
goods_exports,1976-05,1976-05-31,M,-17.876489707475617,1976-07-10
goods_exports,1976-06,1976-06-30,M,28.62796833773087,1976-08-09
goods_exports,1976-07,1976-07-31,M,-1.025641025641022,1976-09-09
goods_exports,1976-08,1976-08-31,M,-0.6217616580310836,1976-10-10
goods_exports,1976-09,1976-09-30,M,4.066736183524511,1976-11-09
goods_exports,1976-10,1976-10-31,M,-7.515030060120242,1976-12-10
goods_exports,1976-11,1976-11-30,M,3.683640303358615,1977-01-09
goods_exports,1976-12,1976-12-31,M,-5.224660397074188,1977-02-09
goods_exports,1977-01,1977-01-31,M,12.458654906284462,1977-03-12
goods_exports,1977-02,1977-02-28,M,-6.764705882352939,1977-04-09
goods_exports,1977-03,1977-03-31,M,1.6824395373291168,1977-05-10
goods_exports,1977-04,1977-04-30,M,5.170630816959676,1977-06-09
goods_exports,1977-05,1977-05-31,M,-2.2615535889872196,1977-07-10
goods_exports,1977-06,1977-06-30,M,-1.106639839034207,1977-08-09
goods_exports,1977-07,1977-07-31,M,-1.4242115971515812,1977-09-09
goods_exports,1977-08,1977-08-31,M,6.811145510835903,1977-10-10
goods_exports,1977-09,1977-09-30,M,-2.0289855072463725,1977-11-09
goods_exports,1977-10,1977-10-31,M,-0.39447731755424265,1977-12-10
goods_exports,1977-11,1977-11-30,M,5.841584158415847,1978-01-09
goods_exports,1977-12,1977-12-31,M,-0.187090739008422,1978-02-09
goods_exports,1978-01,1978-01-31,M,-10.121836925960636,1978-03-12
goods_exports,1978-02,1978-02-28,M,3.858185610010434,1978-04-09
goods_exports,1978-03,1978-03-31,M,-0.9036144578313254,1978-05-10
goods_exports,1978-04,1978-04-30,M,5.065856129685908,1978-06-09
goods_exports,1978-05,1978-05-31,M,-6.5573770491803245,1978-07-10
goods_exports,1978-06,1978-06-30,M,12.590299277605776,1978-08-09
goods_exports,1978-07,1978-07-31,M,0.0,1978-09-09
goods_exports,1978-08,1978-08-31,M,-8.432630614115489,1978-10-10
goods_exports,1978-09,1978-09-30,M,-1.0010010010010006,1978-11-09
goods_exports,1978-10,1978-10-31,M,7.077856420626905,1978-12-10
goods_exports,1978-11,1978-11-30,M,9.820585457979236,1979-01-09
goods_exports,1978-12,1978-12-31,M,-0.8598452278589908,1979-02-09
goods_exports,1979-01,1979-01-31,M,8.499566348655673,1979-03-12
goods_exports,1979-02,1979-02-28,M,-2.877697841726623,1979-04-09
goods_exports,1979-03,1979-03-31,M,1.4814814814814836,1979-05-10
goods_exports,1979-04,1979-04-30,M,4.2984590429845815,1979-06-09
goods_exports,1979-05,1979-05-31,M,9.875583203732496,1979-07-10
goods_exports,1979-06,1979-06-30,M,-4.033970276008492,1979-08-09
goods_exports,1979-07,1979-07-31,M,2.8023598820059004,1979-09-09
goods_exports,1979-08,1979-08-31,M,-2.7259684361549463,1979-10-10
goods_exports,1979-09,1979-09-30,M,9.144542772861364,1979-11-09
goods_exports,1979-10,1979-10-31,M,12.837837837837828,1979-12-10
goods_exports,1979-11,1979-11-30,M,0.5389221556886259,1980-01-09
goods_exports,1979-12,1979-12-31,M,-4.943418701608104,1980-02-09
goods_exports,1980-01,1980-01-31,M,2.6315789473684292,1980-03-11
goods_exports,1980-02,1980-02-29,M,3.1746031746031855,1980-04-09
goods_exports,1980-03,1980-03-31,M,-3.4911242603550274,1980-05-10
goods_exports,1980-04,1980-04-30,M,-1.9006744328632696,1980-06-09
goods_exports,1980-05,1980-05-31,M,-7.250000000000001,1980-07-10
goods_exports,1980-06,1980-06-30,M,18.59838274932615,1980-08-09
goods_exports,1980-07,1980-07-31,M,-7.727272727272727,1980-09-09
goods_exports,1980-08,1980-08-31,M,-10.652709359605916,1980-10-10
goods_exports,1980-09,1980-09-30,M,6.271536871123362,1980-11-09
goods_exports,1980-10,1980-10-31,M,1.8158236057068677,1980-12-10
goods_exports,1980-11,1980-11-30,M,3.3757961783439594,1981-01-09
goods_exports,1980-12,1980-12-31,M,-3.3887861983980305,1981-02-09
goods_exports,1981-01,1981-01-31,M,8.673469387755105,1981-03-12
goods_exports,1981-02,1981-02-28,M,-7.453051643192488,1981-04-09
goods_exports,1981-03,1981-03-31,M,-3.107165504121745,1981-05-10
goods_exports,1981-04,1981-04-30,M,10.01308900523561,1981-06-09
goods_exports,1981-05,1981-05-31,M,-2.201070791195714,1981-07-10
goods_exports,1981-06,1981-06-30,M,-0.6082725060827299,1981-08-09
goods_exports,1981-07,1981-07-31,M,-10.89351285189718,1981-09-09
goods_exports,1981-08,1981-08-31,M,11.263736263736268,1981-10-10
goods_exports,1981-09,1981-09-30,M,0.0,1981-11-09
goods_exports,1981-10,1981-10-31,M,-8.703703703703702,1981-12-10
goods_exports,1981-11,1981-11-30,M,3.4482758620689724,1982-01-09
goods_exports,1981-12,1981-12-31,M,-1.8954248366013116,1982-02-09
goods_exports,1982-01,1982-01-31,M,4.863424383744164,1982-03-12
goods_exports,1982-02,1982-02-28,M,8.958068614993643,1982-04-09
goods_exports,1982-03,1982-03-31,M,2.507288629737614,1982-05-10
goods_exports,1982-04,1982-04-30,M,-3.29920364050057,1982-06-09
goods_exports,1982-05,1982-05-31,M,12.647058823529411,1982-07-10
goods_exports,1982-06,1982-06-30,M,-10.287206266318538,1982-08-09
goods_exports,1982-07,1982-07-31,M,8.614668218859144,1982-09-09
goods_exports,1982-08,1982-08-31,M,-11.575562700964625,1982-10-10
goods_exports,1982-09,1982-09-30,M,9.818181818181815,1982-11-09
goods_exports,1982-10,1982-10-31,M,2.207505518763786,1982-12-10
goods_exports,1982-11,1982-11-30,M,-2.7537796976241924,1983-01-09
goods_exports,1982-12,1982-12-31,M,3.2204330927262603,1983-02-09
goods_exports,1983-01,1983-01-31,M,-14.416352877891336,1983-03-12
goods_exports,1983-02,1983-02-28,M,5.216844751728478,1983-04-09
goods_exports,1983-03,1983-03-31,M,5.017921146953408,1983-05-10
goods_exports,1983-04,1983-04-30,M,5.062571103526725,1983-06-09
goods_exports,1983-05,1983-05-31,M,-1.0828370330265291,1983-07-10
goods_exports,1983-06,1983-06-30,M,-2.6819923371647514,1983-08-09
goods_exports,1983-07,1983-07-31,M,0.5624296962879693,1983-09-09
goods_exports,1983-08,1983-08-31,M,-0.4474272930648726,1983-10-10
goods_exports,1983-09,1983-09-30,M,7.359550561797756,1983-11-09
goods_exports,1983-10,1983-10-31,M,1.5698587127158659,1983-12-10
goods_exports,1983-11,1983-11-30,M,2.163833075734156,1984-01-09
goods_exports,1983-12,1983-12-31,M,6.555723651033785,1984-02-09
goods_exports,1984-01,1984-01-31,M,-6.152389966871752,1984-03-11
goods_exports,1984-02,1984-02-29,M,-1.4624306606152326,1984-04-09
goods_exports,1984-03,1984-03-31,M,5.066530194472874,1984-05-10
goods_exports,1984-04,1984-04-30,M,-4.188991719434975,1984-06-09
goods_exports,1984-05,1984-05-31,M,7.219115404168774,1984-07-10
goods_exports,1984-06,1984-06-30,M,6.685633001422464,1984-08-09
goods_exports,1984-07,1984-07-31,M,7.377777777777772,1984-09-09
goods_exports,1984-08,1984-08-31,M,-0.7036423841059625,1984-10-10
goods_exports,1984-09,1984-09-30,M,1.1254689453939148,1984-11-09
goods_exports,1984-10,1984-10-31,M,-6.471558120362742,1984-12-10
goods_exports,1984-11,1984-11-30,M,5.376817981489634,1985-01-09
goods_exports,1984-12,1984-12-31,M,-6.44081974069427,1985-02-09
goods_exports,1985-01,1985-01-31,M,2.3692445239159587,1985-03-12
goods_exports,1985-02,1985-02-28,M,8.034934497816604,1985-04-09
goods_exports,1985-03,1985-03-31,M,13.459983831851252,1985-05-10
goods_exports,1985-04,1985-04-30,M,-2.7431421446383997,1985-06-09
goods_exports,1985-05,1985-05-31,M,6.556776556776556,1985-07-10
goods_exports,1985-06,1985-06-30,M,-1.9594362323822612,1985-08-09
goods_exports,1985-07,1985-07-31,M,2.0336605890603154,1985-09-09
goods_exports,1985-08,1985-08-31,M,-4.123711340206182,1985-10-10
goods_exports,1985-09,1985-09-30,M,-5.842293906810037,1985-11-09
goods_exports,1985-10,1985-10-31,M,5.481537875904063,1985-12-10
goods_exports,1985-11,1985-11-30,M,-1.2991699747383567,1986-01-09
goods_exports,1985-12,1985-12-31,M,6.47166361974405,1986-02-09
goods_exports,1986-01,1986-01-31,M,-7.864010989010994,1986-03-12
goods_exports,1986-02,1986-02-28,M,3.130823704808061,1986-04-09
goods_exports,1986-03,1986-03-31,M,-5.493314058547161,1986-05-10
goods_exports,1986-04,1986-04-30,M,-0.6118546845124251,1986-06-09
goods_exports,1986-05,1986-05-31,M,0.30781069642169534,1986-07-10
goods_exports,1986-06,1986-06-30,M,-2.4549290372075205,1986-08-09
goods_exports,1986-07,1986-07-31,M,8.1399921352733,1986-09-09
goods_exports,1986-08,1986-08-31,M,9.636363636363644,1986-10-10
goods_exports,1986-09,1986-09-30,M,0.2653399668325118,1986-11-09
goods_exports,1986-10,1986-10-31,M,4.101885544161421,1986-12-10
goods_exports,1986-11,1986-11-30,M,-8.960915157292659,1987-01-09
goods_exports,1986-12,1986-12-31,M,10.087260034904011,1987-02-09
goods_exports,1987-01,1987-01-31,M,-6.5630944831959415,1987-03-12
goods_exports,1987-02,1987-02-28,M,3.020020359687825,1987-04-09
goods_exports,1987-03,1987-03-31,M,0.49407114624506754,1987-05-10
goods_exports,1987-04,1987-04-30,M,0.3933136676499416,1987-06-09
goods_exports,1987-05,1987-05-31,M,2.5791707476330306,1987-07-10
goods_exports,1987-06,1987-06-30,M,3.1508593252705275,1987-08-09
goods_exports,1987-07,1987-07-31,M,-3.1471767972847897,1987-09-09
goods_exports,1987-08,1987-08-31,M,5.8617394074546025,1987-10-10
goods_exports,1987-09,1987-09-30,M,-2.8588624736683665,1987-11-09
goods_exports,1987-10,1987-10-31,M,6.102850061957876,1987-12-10
goods_exports,1987-11,1987-11-30,M,12.846715328467152,1988-01-09
goods_exports,1987-12,1987-12-31,M,-9.909443725743861,1988-02-09
goods_exports,1988-01,1988-01-31,M,9.764503159103954,1988-03-11
goods_exports,1988-02,1988-02-29,M,0.20931449502878952,1988-04-09
goods_exports,1988-03,1988-03-31,M,-4.490861618798958,1988-05-10
goods_exports,1988-04,1988-04-30,M,-11.126298523783484,1988-06-09
goods_exports,1988-05,1988-05-31,M,8.88957243924946,1988-07-10
goods_exports,1988-06,1988-06-30,M,-6.977401129943505,1988-08-09
goods_exports,1988-07,1988-07-31,M,3.7048284239295404,1988-09-09
goods_exports,1988-08,1988-08-31,M,2.3133235724743795,1988-10-10
goods_exports,1988-09,1988-09-30,M,0.5437893531768712,1988-11-09
goods_exports,1988-10,1988-10-31,M,1.1670936521491537,1988-12-10
goods_exports,1988-11,1988-11-30,M,-0.11254924029262536,1989-01-09
goods_exports,1988-12,1988-12-31,M,2.5915492957746533,1989-02-09
goods_exports,1989-01,1989-01-31,M,-1.4552443712246066,1989-03-12
goods_exports,1989-02,1989-02-28,M,-1.727500696572859,1989-04-09
goods_exports,1989-03,1989-03-31,M,7.314998582364618,1989-05-10
goods_exports,1989-04,1989-04-30,M,2.1136063408190298,1989-06-09
goods_exports,1989-05,1989-05-31,M,4.010349288486426,1989-07-10
goods_exports,1989-06,1989-06-30,M,3.7810945273631935,1989-08-09
goods_exports,1989-07,1989-07-31,M,-6.1121764141898405,1989-09-09
goods_exports,1989-08,1989-08-31,M,6.356905795251477,1989-10-10
goods_exports,1989-09,1989-09-30,M,-1.4162265962553988,1989-11-09
goods_exports,1989-10,1989-10-31,M,-1.8991964937910888,1989-12-10
goods_exports,1989-11,1989-11-30,M,1.7374038222884192,1990-01-09
goods_exports,1989-12,1989-12-31,M,-8.636252744571848,1990-02-09
goods_exports,1990-01,1990-01-31,M,7.156208277703602,1990-03-12
goods_exports,1990-02,1990-02-28,M,8.472464490406173,1990-04-09
goods_exports,1990-03,1990-03-31,M,-2.0905122903744577,1990-05-10
goods_exports,1990-04,1990-04-30,M,-3.050211168465511,1990-06-09
goods_exports,1990-05,1990-05-31,M,0.07260406582769718,1990-07-10
goods_exports,1990-06,1990-06-30,M,-0.2902055622732824,1990-08-09
goods_exports,1990-07,1990-07-31,M,2.037351443123936,1990-09-09
goods_exports,1990-08,1990-08-31,M,0.047539814594732555,1990-10-10
goods_exports,1990-09,1990-09-30,M,-0.5226894749346678,1990-11-09
goods_exports,1990-10,1990-10-31,M,4.060186290900414,1990-12-10
goods_exports,1990-11,1990-11-30,M,-2.157447785173283,1991-01-09
goods_exports,1990-12,1990-12-31,M,4.879193056532949,1991-02-09
goods_exports,1991-01,1991-01-31,M,-1.4985461865354543,1991-03-12
goods_exports,1991-02,1991-02-28,M,0.2043596730245234,1991-04-09
goods_exports,1991-03,1991-03-31,M,3.942895989123052,1991-05-10
goods_exports,1991-04,1991-04-30,M,-4.403749727490736,1991-06-09
goods_exports,1991-05,1991-05-31,M,5.473204104903084,1991-07-10
goods_exports,1991-06,1991-06-30,M,-2.400000000000002,1991-08-09
goods_exports,1991-07,1991-07-31,M,3.012848914488253,1991-09-09
goods_exports,1991-08,1991-08-31,M,2.043010752688179,1991-10-10
goods_exports,1991-09,1991-09-30,M,-5.9641728134878775,1991-11-09
goods_exports,1991-10,1991-10-31,M,-0.8516360376512822,1991-12-10
goods_exports,1991-11,1991-11-30,M,2.622061482820981,1992-01-09
goods_exports,1991-12,1991-12-31,M,0.5947136563876576,1992-02-09
goods_exports,1992-01,1992-01-31,M,1.6860083205605392,1992-03-11
goods_exports,1992-02,1992-02-29,M,-2.239448751076656,1992-04-09
goods_exports,1992-03,1992-03-31,M,1.4317180616740144,1992-05-10
goods_exports,1992-04,1992-04-30,M,2.28013029315961,1992-06-09
goods_exports,1992-05,1992-05-31,M,-0.10615711252653925,1992-07-10
goods_exports,1992-06,1992-06-30,M,1.764080765143472,1992-08-09
goods_exports,1992-07,1992-07-31,M,-0.3759398496240629,1992-09-09
goods_exports,1992-08,1992-08-31,M,0.7547169811320753,1992-10-10
goods_exports,1992-09,1992-09-30,M,8.531002913025375,1992-11-09
goods_exports,1992-10,1992-10-31,M,-3.431748466257667,1992-12-10
goods_exports,1992-11,1992-11-30,M,3.017669247567989,1993-01-09
goods_exports,1992-12,1992-12-31,M,1.2719213721333666,1993-02-09
goods_exports,1993-01,1993-01-31,M,-1.3130352045670812,1993-03-12
goods_exports,1993-02,1993-02-28,M,0.23139220979560005,1993-04-09
goods_exports,1993-03,1993-03-31,M,-5.271258176221627,1993-05-10
goods_exports,1993-04,1993-04-30,M,-0.5483346872461436,1993-06-09
goods_exports,1993-05,1993-05-31,M,6.187461711251796,1993-07-10
goods_exports,1993-06,1993-06-30,M,-2.2499999999999964,1993-08-09
goods_exports,1993-07,1993-07-31,M,3.796970293133972,1993-09-09
goods_exports,1993-08,1993-08-31,M,-0.4548900682335155,1993-10-10
goods_exports,1993-09,1993-09-30,M,4.265041888804255,1993-11-09
goods_exports,1993-10,1993-10-31,M,0.3834915997078081,1993-12-10
goods_exports,1993-11,1993-11-30,M,-1.8555575768601007,1994-01-09
goods_exports,1993-12,1993-12-31,M,-2.4281742354031466,1994-02-09
goods_exports,1994-01,1994-01-31,M,1.2917933130699,1994-03-12
goods_exports,1994-02,1994-02-28,M,-0.15003750937734317,1994-04-09
goods_exports,1994-03,1994-03-31,M,2.4981217129977473,1994-05-10
goods_exports,1994-04,1994-04-30,M,-3.133589884551946,1994-06-09
goods_exports,1994-05,1994-05-31,M,5.051078320090796,1994-07-10
goods_exports,1994-06,1994-06-30,M,-4.087880424995493,1994-08-09
goods_exports,1994-07,1994-07-31,M,-0.45061960195268425,1994-09-09
goods_exports,1994-08,1994-08-31,M,0.9619011693700497,1994-10-10
goods_exports,1994-09,1994-09-30,M,-0.7472445357743274,1994-11-09
goods_exports,1994-10,1994-10-31,M,4.987765857331072,1994-12-10
goods_exports,1994-11,1994-11-30,M,-0.0717102904266742,1995-01-09
goods_exports,1994-12,1994-12-31,M,-5.328310010764259,1995-02-09
goods_exports,1995-01,1995-01-31,M,5.703998483987105,1995-03-12
goods_exports,1995-02,1995-02-28,M,2.5277877375403435,1995-04-09
goods_exports,1995-03,1995-03-31,M,5.070816576324533,1995-05-10
goods_exports,1995-04,1995-04-30,M,-3.5946080878682007,1995-06-09
goods_exports,1995-05,1995-05-31,M,3.1589849818746796,1995-07-10
goods_exports,1995-06,1995-06-30,M,-3.597724230254351,1995-08-09
goods_exports,1995-07,1995-07-31,M,8.470751605624027,1995-09-09
goods_exports,1995-08,1995-08-31,M,-2.768442950872141,1995-10-10
goods_exports,1995-09,1995-09-30,M,1.4154048716260803,1995-11-09
goods_exports,1995-10,1995-10-31,M,-1.4118792599805308,1995-12-10
goods_exports,1995-11,1995-11-30,M,-2.0246913580246884,1996-01-09
goods_exports,1995-12,1995-12-31,M,8.366935483870975,1996-02-09
goods_exports,1996-01,1996-01-31,M,3.875968992248069,1996-03-11
goods_exports,1996-02,1996-02-29,M,-5.970149253731338,1996-04-09
goods_exports,1996-03,1996-03-31,M,4.9523809523809526,1996-05-10
goods_exports,1996-04,1996-04-30,M,-2.9340592861463954,1996-06-09
goods_exports,1996-05,1996-05-31,M,-0.2804612028669329,1996-07-10
goods_exports,1996-06,1996-06-30,M,1.8593749999999964,1996-08-09
goods_exports,1996-07,1996-07-31,M,-3.037275655775429,1996-09-09
goods_exports,1996-08,1996-08-31,M,0.28476506881822683,1996-10-10
goods_exports,1996-09,1996-09-30,M,-1.1989272755955183,1996-11-09
goods_exports,1996-10,1996-10-31,M,3.2412581829794007,1996-12-10
goods_exports,1996-11,1996-11-30,M,-3.8973090009279288,1997-01-09
goods_exports,1996-12,1996-12-31,M,2.8484068233022297,1997-02-09
goods_exports,1997-01,1997-01-31,M,5.492098263182599,1997-03-12
goods_exports,1997-02,1997-02-28,M,3.2779590625926947,1997-04-09
goods_exports,1997-03,1997-03-31,M,-6.606347838575322,1997-05-10
goods_exports,1997-04,1997-04-30,M,3.459941565431346,1997-06-09
goods_exports,1997-05,1997-05-31,M,7.877526753864439,1997-07-10
goods_exports,1997-06,1997-06-30,M,20.33618076605126,1997-08-09
goods_exports,1997-07,1997-07-31,M,-18.616899473322647,1997-09-09
goods_exports,1997-08,1997-08-31,M,3.9814293753517083,1997-10-10
goods_exports,1997-09,1997-09-30,M,0.8523880395075123,1997-11-09
goods_exports,1997-10,1997-10-31,M,-2.2404078347196155,1997-12-10
goods_exports,1997-11,1997-11-30,M,3.732674626046384,1998-01-09
goods_exports,1997-12,1997-12-31,M,-2.487101468448205,1998-02-09
goods_exports,1998-01,1998-01-31,M,-1.4787681454348167,1998-03-12
goods_exports,1998-02,1998-02-28,M,0.5232718259432723,1998-04-09
goods_exports,1998-03,1998-03-31,M,-1.630136986301367,1998-05-10
goods_exports,1998-04,1998-04-30,M,3.2028965325163528,1998-06-09
goods_exports,1998-05,1998-05-31,M,1.362839023073814,1998-07-10
goods_exports,1998-06,1998-06-30,M,2.502662406815759,1998-08-09
goods_exports,1998-07,1998-07-31,M,-3.6493506493506467,1998-09-09
goods_exports,1998-08,1998-08-31,M,3.504515433346822,1998-10-10
goods_exports,1998-09,1998-09-30,M,-2.956114077353822,1998-11-09
goods_exports,1998-10,1998-10-31,M,0.45625335480408147,1998-12-10
goods_exports,1998-11,1998-11-30,M,-3.740315255142934,1999-01-09
goods_exports,1998-12,1998-12-31,M,2.262003885650854,1999-02-09
goods_exports,1999-01,1999-01-31,M,-2.958338987650966,1999-03-12
goods_exports,1999-02,1999-02-28,M,-4.992308768004472,1999-04-09
goods_exports,1999-03,1999-03-31,M,4.518692964380344,1999-05-10
goods_exports,1999-04,1999-04-30,M,-7.7876355442895395,1999-06-09
goods_exports,1999-05,1999-05-31,M,2.6878436163714214,1999-07-10
goods_exports,1999-06,1999-06-30,M,0.6841165972635288,1999-08-09
goods_exports,1999-07,1999-07-31,M,5.893648449039879,1999-09-09
goods_exports,1999-08,1999-08-31,M,1.0043241735248953,1999-10-10
goods_exports,1999-09,1999-09-30,M,1.3257837315287846,1999-11-09
goods_exports,1999-10,1999-10-31,M,9.554313752214805,1999-12-10
goods_exports,1999-11,1999-11-30,M,-2.301567554117945,2000-01-09
goods_exports,1999-12,1999-12-31,M,1.6044823634279837,2000-02-09
goods_exports,2000-01,2000-01-31,M,-0.4135856623637024,2000-03-11
goods_exports,2000-02,2000-02-29,M,8.230556254719357,2000-04-09
goods_exports,2000-03,2000-03-31,M,0.7790697674418645,2000-05-10
goods_exports,2000-04,2000-04-30,M,-1.0614976347063543,2000-06-09
goods_exports,2000-05,2000-05-31,M,4.7113702623906795,2000-07-10
goods_exports,2000-06,2000-06-30,M,4.031629357389455,2000-08-09
goods_exports,2000-07,2000-07-31,M,0.2355208221817895,2000-09-09
goods_exports,2000-08,2000-08-31,M,-2.2535512122183077,2000-10-10
goods_exports,2000-09,2000-09-30,M,4.195804195804187,2000-11-09
goods_exports,2000-10,2000-10-31,M,5.9563758389261645,2000-12-10
goods_exports,2000-11,2000-11-30,M,1.474663499604123,2001-01-09
goods_exports,2000-12,2000-12-31,M,-4.720569589388468,2001-02-09
goods_exports,2001-01,2001-01-31,M,-1.9551642952195691,2001-03-12
goods_exports,2001-02,2001-02-28,M,9.772395072040085,2001-04-09
goods_exports,2001-03,2001-03-31,M,-1.7690698116796688,2001-05-10
goods_exports,2001-04,2001-04-30,M,2.323780015491872,2001-06-09
goods_exports,2001-05,2001-05-31,M,-0.24602573807721573,2001-07-10
goods_exports,2001-06,2001-06-30,M,0.9296148738379806,2001-08-09
goods_exports,2001-07,2001-07-31,M,-0.7048872180451138,2001-09-09
goods_exports,2001-08,2001-08-31,M,-3.0099384761003267,2001-10-10
goods_exports,2001-09,2001-09-30,M,1.6687811066653735,2001-11-09
goods_exports,2001-10,2001-10-31,M,-1.1230562488001583,2001-12-10
goods_exports,2001-11,2001-11-30,M,-3.4365595573245367,2002-01-09
goods_exports,2001-12,2001-12-31,M,-1.8498039609932682,2002-02-09
goods_exports,2002-01,2002-01-31,M,3.4210795861927767,2002-03-12
goods_exports,2002-02,2002-02-28,M,0.07923145488759609,2002-04-09
goods_exports,2002-03,2002-03-31,M,-0.08906481939633393,2002-05-10
goods_exports,2002-04,2002-04-30,M,-1.0499207606973093,2002-06-09
goods_exports,2002-05,2002-05-31,M,-1.7717717717717685,2002-07-10
goods_exports,2002-06,2002-06-30,M,-0.31590746968307437,2002-08-09
goods_exports,2002-07,2002-07-31,M,3.1997546514005215,2002-09-09
goods_exports,2002-08,2002-08-31,M,-0.46557701832590226,2002-10-10
goods_exports,2002-09,2002-09-30,M,-3.125,2002-11-09
goods_exports,2002-10,2002-10-31,M,3.030614341483462,2002-12-10
goods_exports,2002-11,2002-11-30,M,-1.8546215973676339,2003-01-09
goods_exports,2002-12,2002-12-31,M,1.615361170374885,2003-02-09
goods_exports,2003-01,2003-01-31,M,3.749250149970007,2003-03-12
goods_exports,2003-02,2003-02-28,M,-5.425460152259809,2003-04-09
goods_exports,2003-03,2003-03-31,M,-1.915630731607909,2003-05-10
goods_exports,2003-04,2003-04-30,M,-7.531685019738211,2003-06-09
goods_exports,2003-05,2003-05-31,M,-1.2582855858892295,2003-07-10
goods_exports,2003-06,2003-06-30,M,0.3754693366708306,2003-08-09
goods_exports,2003-07,2003-07-31,M,-4.250736794377696,2003-09-09
goods_exports,2003-08,2003-08-31,M,5.824553095773655,2003-10-10
goods_exports,2003-09,2003-09-30,M,-1.3536189730394943,2003-11-09
goods_exports,2003-10,2003-10-31,M,-1.6557042413245626,2003-12-10
goods_exports,2003-11,2003-11-30,M,0.05765682656826421,2004-01-09
goods_exports,2003-12,2003-12-31,M,1.5788867119972405,2004-02-09
goods_exports,2004-01,2004-01-31,M,3.222146584978436,2004-03-11
goods_exports,2004-02,2004-02-29,M,-3.9569136073862365,2004-04-09
goods_exports,2004-03,2004-03-31,M,2.357518883039589,2004-05-10
goods_exports,2004-04,2004-04-30,M,7.435152057245076,2004-06-09
goods_exports,2004-05,2004-05-31,M,2.2478926006868516,2004-07-10
goods_exports,2004-06,2004-06-30,M,6.992366412213746,2004-08-09
goods_exports,2004-07,2004-07-31,M,-4.6042617960426195,2004-09-09
goods_exports,2004-08,2004-08-31,M,2.3932987634623037,2004-10-10
goods_exports,2004-09,2004-09-30,M,1.3439813011297153,2004-11-09
goods_exports,2004-10,2004-10-31,M,-0.4708821833557586,2004-12-10
goods_exports,2004-11,2004-11-30,M,-1.496572366515403,2005-01-09
goods_exports,2004-12,2004-12-31,M,-0.10782199568711848,2005-02-09
goods_exports,2005-01,2005-01-31,M,3.8661564125208603,2005-03-12
goods_exports,2005-02,2005-02-28,M,-2.4279641001417107,2005-04-09
goods_exports,2005-03,2005-03-31,M,-0.15491866769945517,2005-05-10
goods_exports,2005-04,2005-04-30,M,15.76803723816913,2005-06-09
goods_exports,2005-05,2005-05-31,M,-0.11727257497068377,2005-07-10
goods_exports,2005-06,2005-06-30,M,-2.826232807782625,2005-08-09
goods_exports,2005-07,2005-07-31,M,4.643134547337535,2005-09-09
goods_exports,2005-08,2005-08-31,M,-3.364948453608252,2005-10-10
goods_exports,2005-09,2005-09-30,M,-0.5035418622514332,2005-11-09
goods_exports,2005-10,2005-10-31,M,4.211700120089201,2005-12-10
goods_exports,2005-11,2005-11-30,M,1.3499053420034546,2006-01-09
goods_exports,2005-12,2005-12-31,M,9.014862340615615,2006-02-09
goods_exports,2006-01,2006-01-31,M,-8.254488564404383,2006-03-12
goods_exports,2006-02,2006-02-28,M,10.759236703207463,2006-04-09
goods_exports,2006-03,2006-03-31,M,-3.3797653958944296,2006-05-10
goods_exports,2006-04,2006-04-30,M,4.628575764473775,2006-06-09
goods_exports,2006-05,2006-05-31,M,-4.496337660453986,2006-07-10
goods_exports,2006-06,2006-06-30,M,10.608246639835972,2006-08-09
goods_exports,2006-07,2006-07-31,M,-2.3753947549086885,2006-09-09
goods_exports,2006-08,2006-08-31,M,-0.7665260196905721,2006-10-10
goods_exports,2006-09,2006-09-30,M,-2.1614343420026882,2006-11-09
goods_exports,2006-10,2006-10-31,M,3.14356077067941,2006-12-10
goods_exports,2006-11,2006-11-30,M,-0.43539325842696375,2007-01-09
goods_exports,2006-12,2006-12-31,M,-1.1990407673860948,2007-02-09
goods_exports,2007-01,2007-01-31,M,2.0416904625927934,2007-03-12
goods_exports,2007-02,2007-02-28,M,1.790961242479372,2007-04-09
goods_exports,2007-03,2007-03-31,M,-4.343642611683851,2007-05-10
goods_exports,2007-04,2007-04-30,M,3.5062508981175355,2007-06-09
goods_exports,2007-05,2007-05-31,M,-0.5692072747466304,2007-07-10
goods_exports,2007-06,2007-06-30,M,-3.797821837475568,2007-08-09
goods_exports,2007-07,2007-07-31,M,2.953555878084191,2007-09-09
goods_exports,2007-08,2007-08-31,M,1.4308874321562026,2007-10-10
goods_exports,2007-09,2007-09-30,M,-5.378735232800558,2007-11-09
goods_exports,2007-10,2007-10-31,M,-2.8275558166862558,2007-12-10
goods_exports,2007-11,2007-11-30,M,8.729498904088873,2008-01-09
goods_exports,2007-12,2007-12-31,M,4.0177950785485805,2008-02-09
goods_exports,2008-01,2008-01-31,M,3.3814488104784823,2008-03-11
goods_exports,2008-02,2008-02-29,M,-4.873949579831938,2008-04-09
goods_exports,2008-03,2008-03-31,M,7.957325360152212,2008-05-10
goods_exports,2008-04,2008-04-30,M,7.918423868571778,2008-06-09
goods_exports,2008-05,2008-05-31,M,1.609798775153104,2008-07-10
goods_exports,2008-06,2008-06-30,M,2.9676826818207935,2008-08-09
goods_exports,2008-07,2008-07-31,M,3.244508863864426,2008-09-09
goods_exports,2008-08,2008-08-31,M,6.031317494600441,2008-10-10
goods_exports,2008-09,2008-09-30,M,7.205784997708409,2008-11-09
goods_exports,2008-10,2008-10-31,M,9.08702261067833,2008-12-10
goods_exports,2008-11,2008-11-30,M,-4.228173307206617,2009-01-09
goods_exports,2008-12,2008-12-31,M,-9.652632536146221,2009-02-09
goods_exports,2009-01,2009-01-31,M,-2.4407427910019597,2009-03-12
goods_exports,2009-02,2009-02-28,M,6.984421747652947,2009-04-09
goods_exports,2009-03,2009-03-31,M,-1.258437801350043,2009-05-10
goods_exports,2009-04,2009-04-30,M,-17.96962742321403,2009-06-09
goods_exports,2009-05,2009-05-31,M,-9.958926126555156,2009-07-10
goods_exports,2009-06,2009-06-30,M,-0.0528890651857683,2009-08-09
goods_exports,2009-07,2009-07-31,M,-0.10583410504034774,2009-09-09
goods_exports,2009-08,2009-08-31,M,-3.0393325387365944,2009-10-10
goods_exports,2009-09,2009-09-30,M,5.832138223041716,2009-11-09
goods_exports,2009-10,2009-10-31,M,-2.0068400335548797,2009-12-10
goods_exports,2009-11,2009-11-30,M,-1.0799420518899039,2010-01-09
goods_exports,2009-12,2009-12-31,M,4.020769538010915,2010-02-09
goods_exports,2010-01,2010-01-31,M,6.0604121336234495,2010-03-12
goods_exports,2010-02,2010-02-28,M,0.7240692692934259,2010-04-09
goods_exports,2010-03,2010-03-31,M,1.7851794165218982,2010-05-10
goods_exports,2010-04,2010-04-30,M,12.524277558707553,2010-06-09
goods_exports,2010-05,2010-05-31,M,5.3873110518332545,2010-07-10
goods_exports,2010-06,2010-06-30,M,5.255843962479534,2010-08-09
goods_exports,2010-07,2010-07-31,M,-2.051112787627307,2010-09-09
goods_exports,2010-08,2010-08-31,M,-4.217012468107639,2010-10-10
goods_exports,2010-09,2010-09-30,M,-0.9599437101070474,2010-11-09
goods_exports,2010-10,2010-10-31,M,2.0907337866639564,2010-12-10
goods_exports,2010-11,2010-11-30,M,0.9146038373595733,2011-01-09
goods_exports,2010-12,2010-12-31,M,-1.0343808491774187,2011-02-09
goods_exports,2011-01,2011-01-31,M,-1.1447342225761492,2011-03-12
goods_exports,2011-02,2011-02-28,M,-2.3763971402678497,2011-04-09
goods_exports,2011-03,2011-03-31,M,13.104693140794232,2011-05-10
goods_exports,2011-04,2011-04-30,M,-3.342300852674296,2011-06-09
goods_exports,2011-05,2011-05-31,M,3.4154165487310095,2011-07-10
goods_exports,2011-06,2011-06-30,M,-2.130280083933944,2011-08-09
goods_exports,2011-07,2011-07-31,M,1.4402237240736415,2011-09-09
goods_exports,2011-08,2011-08-31,M,7.916743245726887,2011-10-10
goods_exports,2011-09,2011-09-30,M,-1.9287265295695466,2011-11-09
goods_exports,2011-10,2011-10-31,M,0.3473126682295824,2011-12-10
goods_exports,2011-11,2011-11-30,M,-0.9128666608981595,2012-01-09
goods_exports,2011-12,2011-12-31,M,-0.02619744138322444,2012-02-09
goods_exports,2012-01,2012-01-31,M,-10.114862209023013,2012-03-11
goods_exports,2012-02,2012-02-29,M,-0.1409066614838972,2012-04-09
goods_exports,2012-03,2012-03-31,M,1.162903853639552,2012-05-10
goods_exports,2012-04,2012-04-30,M,4.535616372468865,2012-06-09
goods_exports,2012-05,2012-05-31,M,1.5229594184227535,2012-07-10
goods_exports,2012-06,2012-06-30,M,-0.9426693859052815,2012-08-09
goods_exports,2012-07,2012-07-31,M,-2.7451159811502035,2012-09-09
goods_exports,2012-08,2012-08-31,M,-5.264148280566405,2012-10-10
goods_exports,2012-09,2012-09-30,M,-1.4996523984506904,2012-11-09
goods_exports,2012-10,2012-10-31,M,1.9762048800161303,2012-12-10
goods_exports,2012-11,2012-11-30,M,0.5981807395689209,2013-01-09
goods_exports,2012-12,2012-12-31,M,-0.06879944960440643,2013-02-09
goods_exports,2013-01,2013-01-31,M,-1.6523235800344205,2013-03-12
goods_exports,2013-02,2013-02-28,M,2.7151357567878343,2013-04-09
goods_exports,2013-03,2013-03-31,M,3.1496446305131043,2013-05-10
goods_exports,2013-04,2013-04-30,M,-0.49554013875123815,2013-06-09
goods_exports,2013-05,2013-05-31,M,4.491557579206984,2013-07-10
goods_exports,2013-06,2013-06-30,M,-0.9441241886432805,2013-08-09
goods_exports,2013-07,2013-07-31,M,0.21078678458505973,2013-09-09
goods_exports,2013-08,2013-08-31,M,5.162558873290957,2013-10-10
goods_exports,2013-09,2013-09-30,M,-0.9870423515088267,2013-11-09
goods_exports,2013-10,2013-10-31,M,-0.2986254446445069,2013-12-10
goods_exports,2013-11,2013-11-30,M,-1.2773642249922945,2014-01-09
goods_exports,2013-12,2013-12-31,M,5.108642305804656,2014-02-09
goods_exports,2014-01,2014-01-31,M,2.2030732659818364,2014-03-12
goods_exports,2014-02,2014-02-28,M,0.2367404576982146,2014-04-09
goods_exports,2014-03,2014-03-31,M,-2.2913731664871095,2014-05-10
goods_exports,2014-04,2014-04-30,M,-3.600356218989864,2014-06-09
goods_exports,2014-05,2014-05-31,M,-5.089741333802566,2014-07-10
goods_exports,2014-06,2014-06-30,M,-0.45422943221320455,2014-08-09
goods_exports,2014-07,2014-07-31,M,2.3234157470782613,2014-09-09
goods_exports,2014-08,2014-08-31,M,-2.498179832544589,2014-10-10
goods_exports,2014-09,2014-09-30,M,-1.1994212908946644,2014-11-09
goods_exports,2014-10,2014-10-31,M,2.9428436466698127,2014-12-10
goods_exports,2014-11,2014-11-30,M,-1.3628229247923618,2015-01-09
goods_exports,2014-12,2014-12-31,M,0.8187569780424342,2015-02-09
goods_exports,2015-01,2015-01-31,M,0.5167958656330685,2015-03-12
goods_exports,2015-02,2015-02-28,M,0.9410576569959694,2015-04-09
goods_exports,2015-03,2015-03-31,M,-2.287507390058663,2015-05-10
goods_exports,2015-04,2015-04-30,M,-8.703341710881507,2015-06-09
goods_exports,2015-05,2015-05-31,M,2.431688417618272,2015-07-10
goods_exports,2015-06,2015-06-30,M,3.319564027273181,2015-08-09
goods_exports,2015-07,2015-07-31,M,2.4084778420038644,2015-09-09
goods_exports,2015-08,2015-08-31,M,-0.2587017873941666,2015-10-10
goods_exports,2015-09,2015-09-30,M,3.305824098090082,2015-11-09
goods_exports,2015-10,2015-10-31,M,-2.880489363644667,2015-12-10
goods_exports,2015-11,2015-11-30,M,-4.611045828437133,2016-01-09
goods_exports,2015-12,2015-12-31,M,-5.873657238592688,2016-02-09
goods_exports,2016-01,2016-01-31,M,-0.8533137891320264,2016-03-11
goods_exports,2016-02,2016-02-29,M,2.5450129362690754,2016-04-09
goods_exports,2016-03,2016-03-31,M,2.574532722310896,2016-05-10
goods_exports,2016-04,2016-04-30,M,1.7669795692987211,2016-06-09
goods_exports,2016-05,2016-05-31,M,0.35515217284072254,2016-07-10
goods_exports,2016-06,2016-06-30,M,-2.3642172523961613,2016-08-09
goods_exports,2016-07,2016-07-31,M,6.413612565445037,2016-09-09
goods_exports,2016-08,2016-08-31,M,0.04257734885040332,2016-10-10
goods_exports,2016-09,2016-09-30,M,2.5582824986995822,2016-11-09
goods_exports,2016-10,2016-10-31,M,3.38897085946146,2016-12-10
goods_exports,2016-11,2016-11-30,M,13.196271685323113,2017-01-09
goods_exports,2016-12,2016-12-31,M,9.270349066267425,2017-02-09
goods_exports,2017-01,2017-01-31,M,-8.108887687038035,2017-03-12
goods_exports,2017-02,2017-02-28,M,0.5453974731224998,2017-04-09
goods_exports,2017-03,2017-03-31,M,1.5687804878048883,2017-05-10
goods_exports,2017-04,2017-04-30,M,-8.867714296691897,2017-06-09
goods_exports,2017-05,2017-05-31,M,8.453138833846285,2017-07-10
goods_exports,2017-06,2017-06-30,M,-3.0127507386098595,2017-08-09
goods_exports,2017-07,2017-07-31,M,1.0862158803960131,2017-09-09
goods_exports,2017-08,2017-08-31,M,-1.3996827914353638,2017-10-10
goods_exports,2017-09,2017-09-30,M,2.215787992118079,2017-11-09
goods_exports,2017-10,2017-10-31,M,-2.702809032968767,2017-12-10
goods_exports,2017-11,2017-11-30,M,0.3720027495855316,2018-01-09
goods_exports,2017-12,2017-12-31,M,3.01333440760585,2018-02-09
goods_exports,2018-01,2018-01-31,M,5.076062727308273,2018-03-12
goods_exports,2018-02,2018-02-28,M,0.6178123488034482,2018-04-09
goods_exports,2018-03,2018-03-31,M,-0.46976142038098745,2018-05-10
goods_exports,2018-04,2018-04-30,M,0.2266983796640476,2018-06-09
goods_exports,2018-05,2018-05-31,M,4.093588935444403,2018-07-10
goods_exports,2018-06,2018-06-30,M,2.956577494389623,2018-08-09
goods_exports,2018-07,2018-07-31,M,2.318098467287122,2018-09-09
goods_exports,2018-08,2018-08-31,M,0.49707503465998837,2018-10-10
goods_exports,2018-09,2018-09-30,M,1.1574697173620363,2018-11-09
goods_exports,2018-10,2018-10-31,M,1.9425226184140554,2018-12-10
goods_exports,2018-11,2018-11-30,M,-0.4600626468285074,2019-01-09
goods_exports,2018-12,2018-12-31,M,-1.3177303569672505,2019-02-09
goods_exports,2019-01,2019-01-31,M,5.075568842384981,2019-03-12
goods_exports,2019-02,2019-02-28,M,-0.45205955805646125,2019-04-09
goods_exports,2019-03,2019-03-31,M,-3.3947284852334114,2019-05-10
goods_exports,2019-04,2019-04-30,M,4.572499260379348,2019-06-09
goods_exports,2019-05,2019-05-31,M,4.976109644159443,2019-07-10
goods_exports,2019-06,2019-06-30,M,1.1049558317113295,2019-08-09
goods_exports,2019-07,2019-07-31,M,5.914583580144539,2019-09-09
goods_exports,2019-08,2019-08-31,M,-6.258214255753469,2019-10-10
goods_exports,2019-09,2019-09-30,M,-0.5966053157533624,2019-11-09
goods_exports,2019-10,2019-10-31,M,-4.912522882093451,2019-12-10
goods_exports,2019-11,2019-11-30,M,0.9909739317048638,2020-01-09
goods_exports,2019-12,2019-12-31,M,-0.1718749999999991,2020-02-09
goods_exports,2020-01,2020-01-31,M,-4.6204413836281155,2020-03-11
goods_exports,2020-02,2020-02-29,M,-3.656175128819461,2020-04-09
goods_exports,2020-03,2020-03-31,M,16.460568897973094,2020-05-10
goods_exports,2020-04,2020-04-30,M,-6.88565829116331,2020-06-09
goods_exports,2020-05,2020-05-31,M,-9.336223415951995,2020-07-10
goods_exports,2020-06,2020-06-30,M,0.9112643359550976,2020-08-09
goods_exports,2020-07,2020-07-31,M,0.5116055486883653,2020-09-09
goods_exports,2020-08,2020-08-31,M,-4.242817613500494,2020-10-10
goods_exports,2020-09,2020-09-30,M,2.293888908708208,2020-11-09
goods_exports,2020-10,2020-10-31,M,6.591337099811678,2020-12-10
goods_exports,2020-11,2020-11-30,M,-0.07852375343541107,2021-01-09
goods_exports,2020-12,2020-12-31,M,8.323510150622138,2021-02-09
goods_exports,2021-01,2021-01-31,M,2.511940027809678,2021-03-12
goods_exports,2021-02,2021-02-28,M,1.9550025064134724,2021-04-09
goods_exports,2021-03,2021-03-31,M,-0.7114761684405391,2021-05-10
goods_exports,2021-04,2021-04-30,M,4.820856393824635,2021-06-09
goods_exports,2021-05,2021-05-31,M,3.218007503126308,2021-07-10
goods_exports,2021-06,2021-06-30,M,3.9738308698812785,2021-08-09
goods_exports,2021-07,2021-07-31,M,11.419249592169667,2021-09-09
goods_exports,2021-08,2021-08-31,M,-2.2961258686002517,2021-10-10
goods_exports,2021-09,2021-09-30,M,-8.277633738493373,2021-11-09
goods_exports,2021-10,2021-10-31,M,-0.010373174969524612,2021-12-10
goods_exports,2021-11,2021-11-30,M,4.165261820162347,2022-01-09
goods_exports,2021-12,2021-12-31,M,0.956103876702441,2022-02-09
goods_exports,2022-01,2022-01-31,M,10.082126914444967,2022-03-12
goods_exports,2022-02,2022-02-28,M,1.151562675030804,2022-04-09
goods_exports,2022-03,2022-03-31,M,0.07309131985204775,2022-05-10
goods_exports,2022-04,2022-04-30,M,7.9013766544199004,2022-06-09
goods_exports,2022-05,2022-05-31,M,5.103380374138489,2022-07-10
goods_exports,2022-06,2022-06-30,M,7.435597189695553,2022-08-09
goods_exports,2022-07,2022-07-31,M,-10.875567665758402,2022-09-09
goods_exports,2022-08,2022-08-31,M,3.6544850498338777,2022-10-10
goods_exports,2022-09,2022-09-30,M,5.881311939594158,2022-11-09
goods_exports,2022-10,2022-10-31,M,-2.471818299998141,2022-12-10
goods_exports,2022-11,2022-11-30,M,-4.497676898469038,2023-01-09
goods_exports,2022-12,2022-12-31,M,-2.302907046297409,2023-02-09
goods_exports,2023-01,2023-01-31,M,1.0571644319271822,2023-03-12
goods_exports,2023-02,2023-02-28,M,-1.9185330290607316,2023-04-09
goods_exports,2023-03,2023-03-31,M,3.2305886713200227,2023-05-10
goods_exports,2023-04,2023-04-30,M,-8.455002393489707,2023-06-09
goods_exports,2023-05,2023-05-31,M,2.5666165544588893,2023-07-10
goods_exports,2023-06,2023-06-30,M,-4.465215082315455,2023-08-09
goods_exports,2023-07,2023-07-31,M,-1.3697107153180843,2023-09-09
goods_exports,2023-08,2023-08-31,M,5.5301305318213645,2023-10-10
goods_exports,2023-09,2023-09-30,M,-3.2001709036530657,2023-11-09
goods_exports,2023-10,2023-10-31,M,1.9266419491525522,2023-12-10
goods_exports,2023-11,2023-11-30,M,-0.9894987550070344,2024-01-09
goods_exports,2023-12,2023-12-31,M,-2.333362491252622,2024-02-09
goods_exports,2024-01,2024-01-31,M,1.7017084256957915,2024-03-11
goods_exports,2024-02,2024-02-29,M,0.44692983421765753,2024-04-09
goods_exports,2024-03,2024-03-31,M,-4.133789233736628,2024-05-10
goods_exports,2024-04,2024-04-30,M,-2.5904248022314724,2024-06-09
goods_exports,2024-05,2024-05-31,M,0.8543598169229005,2024-07-10
goods_exports,2024-06,2024-06-30,M,-0.06981777560567393,2024-08-09
goods_exports,2024-07,2024-07-31,M,-0.36330608537693543,2024-09-09
goods_exports,2024-08,2024-08-31,M,0.09349507982141514,2024-10-10
goods_exports,2024-09,2024-09-30,M,-5.8076267426383055,2024-11-09
goods_exports,2024-10,2024-10-31,M,2.3775287584292037,2024-12-10
goods_exports,2024-11,2024-11-30,M,3.5621745974088848,2025-01-09
goods_exports,2024-12,2024-12-31,M,-0.23616891923490257,2025-02-09
goods_exports,2025-01,2025-01-31,M,2.1375834993554443,2025-03-12
goods_exports,2025-02,2025-02-28,M,-3.6601877137021788,2025-04-09
goods_exports,2025-03,2025-03-31,M,7.465104092230002,2025-05-10
goods_exports,2025-04,2025-04-30,M,-4.723379732245769,2025-06-09
goods_exports,2025-05,2025-05-31,M,-2.8870536233569832,2025-07-10
goods_exports,2025-06,2025-06-30,M,5.6319471061709425,2025-08-09
goods_exports,2025-07,2025-07-31,M,2.4356503004875796,2025-09-09
goods_exports,2025-08,2025-08-31,M,-8.919834399698912,2025-10-10
goods_exports,2025-09,2025-09-30,M,6.89353427321342,2025-11-09
goods_exports,2025-10,2025-10-31,M,4.361469892668723,2025-12-10
goods_exports,2025-11,2025-11-30,M,-3.9613021309975127,2026-01-09
goods_exports,2025-12,2025-12-31,M,0.17242944005808614,2026-02-09
goods_exports,2026-01,2026-01-31,M,-1.383855770972997,2026-03-12
goods_exports,2026-02,2026-02-28,M,3.748191359867703,2026-04-09
goods_exports,2026-03,2026-03-31,M,-3.236446549930272,2026-05-10
goods_exports,2026-04,2026-04-30,M,7.153805678204561,2026-06-09
goods_exports,2026-05,2026-05-31,M,-6.883299884708993,2026-07-10
hours_worked,1978-08,1978-08-31,M,0.3731691715971541,1978-09-26
hours_worked,1978-09,1978-09-30,M,-0.19072263851346305,1978-10-26
hours_worked,1978-10,1978-10-31,M,0.14926112990025775,1978-11-26
hours_worked,1978-11,1978-11-30,M,-0.13824657429925002,1978-12-26
hours_worked,1978-12,1978-12-31,M,0.4809869206409134,1979-01-26
hours_worked,1979-01,1979-01-31,M,-0.2481718652768916,1979-02-26
hours_worked,1979-02,1979-02-28,M,0.5364340835423587,1979-03-26
hours_worked,1979-03,1979-03-31,M,0.20366567726746165,1979-04-26
hours_worked,1979-04,1979-04-30,M,1.031217667150841,1979-05-26
hours_worked,1979-05,1979-05-31,M,-0.05115687022189119,1979-06-26
hours_worked,1979-06,1979-06-30,M,2.253173288073196,1979-07-26
hours_worked,1979-07,1979-07-31,M,-2.655760077649183,1979-08-26
hours_worked,1979-08,1979-08-31,M,0.7357931147481844,1979-09-26
hours_worked,1979-09,1979-09-30,M,0.05974151431435981,1979-10-26
hours_worked,1979-10,1979-10-31,M,0.31481683614171807,1979-11-26
hours_worked,1979-11,1979-11-30,M,0.34354581671078854,1979-12-26
hours_worked,1979-12,1979-12-31,M,0.21688250042308788,1980-01-26
hours_worked,1980-01,1980-01-31,M,0.34422916974707896,1980-02-26
hours_worked,1980-02,1980-02-29,M,-0.08786498927809694,1980-03-26
hours_worked,1980-03,1980-03-31,M,0.1672903889776034,1980-04-26
hours_worked,1980-04,1980-04-30,M,-0.21012242147108173,1980-05-26
hours_worked,1980-05,1980-05-31,M,0.8464238792522671,1980-06-26
hours_worked,1980-06,1980-06-30,M,3.4794339118132678,1980-07-26
hours_worked,1980-07,1980-07-31,M,-2.548014159501677,1980-08-26
hours_worked,1980-08,1980-08-31,M,-0.22194711509764264,1980-09-26
hours_worked,1980-09,1980-09-30,M,0.4235920074902255,1980-10-26
hours_worked,1980-10,1980-10-31,M,0.3467638372466775,1980-11-26
hours_worked,1980-11,1980-11-30,M,-0.4320706177291189,1980-12-26
hours_worked,1980-12,1980-12-31,M,0.1629512186685833,1981-01-26
hours_worked,1981-01,1981-01-31,M,-0.24628600437628378,1981-02-26
hours_worked,1981-02,1981-02-28,M,0.44125079481196483,1981-03-26
hours_worked,1981-03,1981-03-31,M,-0.04730284256281303,1981-04-26
hours_worked,1981-04,1981-04-30,M,1.7628981992977355,1981-05-26
hours_worked,1981-05,1981-05-31,M,-1.403544237174914,1981-06-26
hours_worked,1981-06,1981-06-30,M,0.31505113338889945,1981-07-26
hours_worked,1981-07,1981-07-31,M,0.21065848112271635,1981-08-26
hours_worked,1981-08,1981-08-31,M,-0.38723720111192295,1981-09-26
hours_worked,1981-09,1981-09-30,M,1.2611019047186645,1981-10-26
hours_worked,1981-10,1981-10-31,M,-1.1808262455424878,1981-11-26
hours_worked,1981-11,1981-11-30,M,-0.80670986002368,1981-12-26
hours_worked,1981-12,1981-12-31,M,1.2761536610565782,1982-01-26
hours_worked,1982-01,1982-01-31,M,-0.25064440435023094,1982-02-26
hours_worked,1982-02,1982-02-28,M,0.15987960100363185,1982-03-26
hours_worked,1982-03,1982-03-31,M,-0.13340314871423953,1982-04-26
hours_worked,1982-04,1982-04-30,M,-0.7125830871212768,1982-05-26
hours_worked,1982-05,1982-05-31,M,-0.14945935992135562,1982-06-26
hours_worked,1982-06,1982-06-30,M,-0.424992938008939,1982-07-26
hours_worked,1982-07,1982-07-31,M,-0.034240596305079585,1982-08-26
hours_worked,1982-08,1982-08-31,M,-0.48247729031656306,1982-09-26
hours_worked,1982-09,1982-09-30,M,-0.4202655610202277,1982-10-26
hours_worked,1982-10,1982-10-31,M,0.6822207175590345,1982-11-26
hours_worked,1982-11,1982-11-30,M,-1.548081154103076,1982-12-26
hours_worked,1982-12,1982-12-31,M,-0.9863016246542955,1983-01-26
hours_worked,1983-01,1983-01-31,M,-0.9083564836837366,1983-02-26
hours_worked,1983-02,1983-02-28,M,0.19940820139183746,1983-03-26
hours_worked,1983-03,1983-03-31,M,0.2324607414226243,1983-04-26
hours_worked,1983-04,1983-04-30,M,-0.9373554215972302,1983-05-26
hours_worked,1983-05,1983-05-31,M,0.2322152597412641,1983-06-26
hours_worked,1983-06,1983-06-30,M,0.3206827930036127,1983-07-26
hours_worked,1983-07,1983-07-31,M,0.2453162827334543,1983-08-26
hours_worked,1983-08,1983-08-31,M,0.8577945055678438,1983-09-26
hours_worked,1983-09,1983-09-30,M,0.19851314574803602,1983-10-26
hours_worked,1983-10,1983-10-31,M,0.5320806020347124,1983-11-26
hours_worked,1983-11,1983-11-30,M,1.0996791248198967,1983-12-26
hours_worked,1983-12,1983-12-31,M,-0.015223463904023848,1984-01-26
hours_worked,1984-01,1984-01-31,M,1.036369062969067,1984-02-26
hours_worked,1984-02,1984-02-29,M,-1.1306285833209695,1984-03-26
hours_worked,1984-03,1984-03-31,M,1.1301204803319642,1984-04-26
hours_worked,1984-04,1984-04-30,M,1.4043451702906884,1984-05-26
hours_worked,1984-05,1984-05-31,M,0.004497730430097491,1984-06-26
hours_worked,1984-06,1984-06-30,M,-0.18696990672693037,1984-07-26
hours_worked,1984-07,1984-07-31,M,0.053220895270400526,1984-08-26
hours_worked,1984-08,1984-08-31,M,0.417459979818835,1984-09-26
hours_worked,1984-09,1984-09-30,M,-0.19282399473460332,1984-10-26
hours_worked,1984-10,1984-10-31,M,0.12733177557362474,1984-11-26
hours_worked,1984-11,1984-11-30,M,-0.17228780648964603,1984-12-26
hours_worked,1984-12,1984-12-31,M,0.5747526769686484,1985-01-26
hours_worked,1985-01,1985-01-31,M,0.0315545764119296,1985-02-26
hours_worked,1985-02,1985-02-28,M,0.17853387252002584,1985-03-26
hours_worked,1985-03,1985-03-31,M,0.06078715152115777,1985-04-26
hours_worked,1985-04,1985-04-30,M,-0.3312022545061133,1985-05-26
hours_worked,1985-05,1985-05-31,M,1.5850131068541495,1985-06-26
hours_worked,1985-06,1985-06-30,M,-0.2275957354820668,1985-07-26
hours_worked,1985-07,1985-07-31,M,0.26557090750169987,1985-08-26
hours_worked,1985-08,1985-08-31,M,0.7802874915675329,1985-09-26
hours_worked,1985-09,1985-09-30,M,0.32695584178024095,1985-10-26
hours_worked,1985-10,1985-10-31,M,0.1295225732258931,1985-11-26
hours_worked,1985-11,1985-11-30,M,1.1795784980967339,1985-12-26
hours_worked,1985-12,1985-12-31,M,0.033238737461860346,1986-01-26
hours_worked,1986-01,1986-01-31,M,1.3570635710919987,1986-02-26
hours_worked,1986-02,1986-02-28,M,-0.5964727605997755,1986-03-26
hours_worked,1986-03,1986-03-31,M,0.8176692847219558,1986-04-26
hours_worked,1986-04,1986-04-30,M,0.6055024393706976,1986-05-26
hours_worked,1986-05,1986-05-31,M,-1.4482693798304358,1986-06-26
hours_worked,1986-06,1986-06-30,M,1.8475020666187891,1986-07-26
hours_worked,1986-07,1986-07-31,M,-0.3942445783440718,1986-08-26
hours_worked,1986-08,1986-08-31,M,0.047147232422517504,1986-09-26
hours_worked,1986-09,1986-09-30,M,0.12204480280262331,1986-10-26
hours_worked,1986-10,1986-10-31,M,0.580430683531552,1986-11-26
hours_worked,1986-11,1986-11-30,M,-0.4818852657680117,1986-12-26
hours_worked,1986-12,1986-12-31,M,0.3340260983339949,1987-01-26
hours_worked,1987-01,1987-01-31,M,-0.7055094292712116,1987-02-26
hours_worked,1987-02,1987-02-28,M,0.8636414541043136,1987-03-26
hours_worked,1987-03,1987-03-31,M,-0.06871346173507042,1987-04-26
hours_worked,1987-04,1987-04-30,M,1.8006107397392501,1987-05-26
hours_worked,1987-05,1987-05-31,M,-1.5916185990964227,1987-06-26
hours_worked,1987-06,1987-06-30,M,1.2217843061337552,1987-07-26
hours_worked,1987-07,1987-07-31,M,0.7979044911274435,1987-08-26
hours_worked,1987-08,1987-08-31,M,-1.0195543862754008,1987-09-26
hours_worked,1987-09,1987-09-30,M,0.7923467691691277,1987-10-26
hours_worked,1987-10,1987-10-31,M,0.41771901987315285,1987-11-26
hours_worked,1987-11,1987-11-30,M,-0.16297023114301146,1987-12-26
hours_worked,1987-12,1987-12-31,M,1.1389108643019563,1988-01-26
hours_worked,1988-01,1988-01-31,M,0.08725868787746727,1988-02-26
hours_worked,1988-02,1988-02-29,M,0.6996266688967134,1988-03-26
hours_worked,1988-03,1988-03-31,M,-0.20006075334778606,1988-04-26
hours_worked,1988-04,1988-04-30,M,-1.1968235213918543,1988-05-26
hours_worked,1988-05,1988-05-31,M,2.0430091291105734,1988-06-26
hours_worked,1988-06,1988-06-30,M,-0.5316924597415174,1988-07-26
hours_worked,1988-07,1988-07-31,M,-1.6281258440508872,1988-08-26
hours_worked,1988-08,1988-08-31,M,2.9547922998423237,1988-09-26
hours_worked,1988-09,1988-09-30,M,0.8094137324228479,1988-10-26
hours_worked,1988-10,1988-10-31,M,0.42769953269072847,1988-11-26
hours_worked,1988-11,1988-11-30,M,0.5823572718278713,1988-12-26
hours_worked,1988-12,1988-12-31,M,-0.1656528401393409,1989-01-26
hours_worked,1989-01,1989-01-31,M,0.6083043423888546,1989-02-26
hours_worked,1989-02,1989-02-28,M,1.5062962715963968,1989-03-26
hours_worked,1989-03,1989-03-31,M,-0.19205905908201704,1989-04-26
hours_worked,1989-04,1989-04-30,M,-0.6072751432464218,1989-05-26
hours_worked,1989-05,1989-05-31,M,0.951623935556456,1989-06-26
hours_worked,1989-06,1989-06-30,M,0.24203997935661192,1989-07-26
hours_worked,1989-07,1989-07-31,M,0.15604920007548095,1989-08-26
hours_worked,1989-08,1989-08-31,M,1.0242843431799376,1989-09-26
hours_worked,1989-09,1989-09-30,M,-0.20881927424264424,1989-10-26
hours_worked,1989-10,1989-10-31,M,0.41352566175862915,1989-11-26
hours_worked,1989-11,1989-11-30,M,0.44763398990745884,1989-12-26
hours_worked,1989-12,1989-12-31,M,-0.3280042499100744,1990-01-26
hours_worked,1990-01,1990-01-31,M,-1.252166522366116,1990-02-26
hours_worked,1990-02,1990-02-28,M,1.0701249111833233,1990-03-26
hours_worked,1990-03,1990-03-31,M,0.5165252378611873,1990-04-26
hours_worked,1990-04,1990-04-30,M,0.928069789597119,1990-05-26
hours_worked,1990-05,1990-05-31,M,-0.8578456420265113,1990-06-26
hours_worked,1990-06,1990-06-30,M,-0.029495955978531274,1990-07-26
hours_worked,1990-07,1990-07-31,M,0.989284452191086,1990-08-26
hours_worked,1990-08,1990-08-31,M,-1.659605554933541,1990-09-26
hours_worked,1990-09,1990-09-30,M,0.03232247226532259,1990-10-26
hours_worked,1990-10,1990-10-31,M,-1.275919187572272,1990-11-26
hours_worked,1990-11,1990-11-30,M,-0.061312069880237186,1990-12-26
hours_worked,1990-12,1990-12-31,M,0.20201805759452185,1991-01-26
hours_worked,1991-01,1991-01-31,M,-0.8111954671437216,1991-02-26
hours_worked,1991-02,1991-02-28,M,-0.35102820011305713,1991-03-26
hours_worked,1991-03,1991-03-31,M,-0.5935663285246195,1991-04-26
hours_worked,1991-04,1991-04-30,M,-0.4433575258412259,1991-05-26
hours_worked,1991-05,1991-05-31,M,0.3644580677035547,1991-06-26
hours_worked,1991-06,1991-06-30,M,-0.6352856187635814,1991-07-26
hours_worked,1991-07,1991-07-31,M,0.3647372866981913,1991-08-26
hours_worked,1991-08,1991-08-31,M,-0.6249694855877119,1991-09-26
hours_worked,1991-09,1991-09-30,M,0.3925830368358918,1991-10-26
hours_worked,1991-10,1991-10-31,M,0.19237551224200455,1991-11-26
hours_worked,1991-11,1991-11-30,M,-0.19741403543890312,1991-12-26
hours_worked,1991-12,1991-12-31,M,-0.35755056454164214,1992-01-26
hours_worked,1992-01,1992-01-31,M,0.022453611578110433,1992-02-26
hours_worked,1992-02,1992-02-29,M,-0.2153134758554942,1992-03-26
hours_worked,1992-03,1992-03-31,M,0.5735425870057487,1992-04-26
hours_worked,1992-04,1992-04-30,M,-0.4757213329085741,1992-05-26
hours_worked,1992-05,1992-05-31,M,-0.2343916503263599,1992-06-26
hours_worked,1992-06,1992-06-30,M,0.4875783348713636,1992-07-26
hours_worked,1992-07,1992-07-31,M,-0.004141133470136893,1992-08-26
hours_worked,1992-08,1992-08-31,M,0.15806305148813315,1992-09-26
hours_worked,1992-09,1992-09-30,M,-0.17174197166818228,1992-10-26
hours_worked,1992-10,1992-10-31,M,-0.04238829203263572,1992-11-26
hours_worked,1992-11,1992-11-30,M,-0.49283885914354064,1992-12-26
hours_worked,1992-12,1992-12-31,M,0.26803384124105545,1993-01-26
hours_worked,1993-01,1993-01-31,M,0.7476565004538749,1993-02-26
hours_worked,1993-02,1993-02-28,M,-0.19879918376490835,1993-03-26
hours_worked,1993-03,1993-03-31,M,1.1075771942894441,1993-04-26
hours_worked,1993-04,1993-04-30,M,-0.7264056126625285,1993-05-26
hours_worked,1993-05,1993-05-31,M,-0.09365107642186343,1993-06-26
hours_worked,1993-06,1993-06-30,M,0.14877716538719277,1993-07-26
hours_worked,1993-07,1993-07-31,M,-0.259679515792155,1993-08-26
hours_worked,1993-08,1993-08-31,M,0.7423558430855737,1993-09-26
hours_worked,1993-09,1993-09-30,M,-0.1903921694382582,1993-10-26
hours_worked,1993-10,1993-10-31,M,0.4953806446331699,1993-11-26
hours_worked,1993-11,1993-11-30,M,1.4915629464842706,1993-12-26
hours_worked,1993-12,1993-12-31,M,0.022222846536990026,1994-01-26
hours_worked,1994-01,1994-01-31,M,0.1028985422700357,1994-02-26
hours_worked,1994-02,1994-02-28,M,-0.27284151375003285,1994-03-26
hours_worked,1994-03,1994-03-31,M,0.33841271439993825,1994-04-26
hours_worked,1994-04,1994-04-30,M,0.5115273670631693,1994-05-26
hours_worked,1994-05,1994-05-31,M,0.8441065082829269,1994-06-26
hours_worked,1994-06,1994-06-30,M,-0.1363020251378133,1994-07-26
hours_worked,1994-07,1994-07-31,M,0.8575051824729618,1994-08-26
hours_worked,1994-08,1994-08-31,M,0.5568566785561613,1994-09-26
hours_worked,1994-09,1994-09-30,M,0.06559655204836368,1994-10-26
hours_worked,1994-10,1994-10-31,M,-0.08138815258248444,1994-11-26
hours_worked,1994-11,1994-11-30,M,0.1785414858141765,1994-12-26
hours_worked,1994-12,1994-12-31,M,0.3801045349775878,1995-01-26
hours_worked,1995-01,1995-01-31,M,0.36181119185358934,1995-02-26
hours_worked,1995-02,1995-02-28,M,0.39374695624554423,1995-03-26
hours_worked,1995-03,1995-03-31,M,0.1887248586528001,1995-04-26
hours_worked,1995-04,1995-04-30,M,1.4932657131738747,1995-05-26
hours_worked,1995-05,1995-05-31,M,-0.563694807097459,1995-06-26
hours_worked,1995-06,1995-06-30,M,0.47077794603973544,1995-07-26
hours_worked,1995-07,1995-07-31,M,0.0890426087241325,1995-08-26
hours_worked,1995-08,1995-08-31,M,-0.16119671350511844,1995-09-26
hours_worked,1995-09,1995-09-30,M,0.3625680751021765,1995-10-26
hours_worked,1995-10,1995-10-31,M,0.18614342761797964,1995-11-26
hours_worked,1995-11,1995-11-30,M,0.26173258434574187,1995-12-26
hours_worked,1995-12,1995-12-31,M,-0.36883654108594843,1996-01-26
hours_worked,1996-01,1996-01-31,M,0.9933674516307889,1996-02-26
hours_worked,1996-02,1996-02-29,M,-0.5382055274372077,1996-03-26
hours_worked,1996-03,1996-03-31,M,0.013999616548954208,1996-04-26
hours_worked,1996-04,1996-04-30,M,0.2982648335628557,1996-05-26
hours_worked,1996-05,1996-05-31,M,-1.029092715925295,1996-06-26
hours_worked,1996-06,1996-06-30,M,0.3639148107247525,1996-07-26
hours_worked,1996-07,1996-07-31,M,0.2017484745465925,1996-08-26
hours_worked,1996-08,1996-08-31,M,0.11305746753862422,1996-09-26
hours_worked,1996-09,1996-09-30,M,-0.19743364237044814,1996-10-26
hours_worked,1996-10,1996-10-31,M,0.37337887995056995,1996-11-26
hours_worked,1996-11,1996-11-30,M,-0.3487912512166069,1996-12-26
hours_worked,1996-12,1996-12-31,M,-0.11539252730617955,1997-01-26
hours_worked,1997-01,1997-01-31,M,0.5404615715446148,1997-02-26
hours_worked,1997-02,1997-02-28,M,0.2608764733231794,1997-03-26
hours_worked,1997-03,1997-03-31,M,-0.0037708396408264733,1997-04-26
hours_worked,1997-04,1997-04-30,M,-0.031178440169321586,1997-05-26
hours_worked,1997-05,1997-05-31,M,-0.25403339579616047,1997-06-26
hours_worked,1997-06,1997-06-30,M,0.2850452281998983,1997-07-26
hours_worked,1997-07,1997-07-31,M,-0.3747074784963722,1997-08-26
hours_worked,1997-08,1997-08-31,M,-0.010105223958922771,1997-09-26
hours_worked,1997-09,1997-09-30,M,0.5972463721303001,1997-10-26
hours_worked,1997-10,1997-10-31,M,0.02676229522811102,1997-11-26
hours_worked,1997-11,1997-11-30,M,0.5299236126300011,1997-12-26
hours_worked,1997-12,1997-12-31,M,0.23970323779363145,1998-01-26
hours_worked,1998-01,1998-01-31,M,-0.09890955729872086,1998-02-26
hours_worked,1998-02,1998-02-28,M,-0.20072734918885615,1998-03-26
hours_worked,1998-03,1998-03-31,M,0.01408025231917076,1998-04-26
hours_worked,1998-04,1998-04-30,M,0.31932235850771207,1998-05-26
hours_worked,1998-05,1998-05-31,M,-0.27216816525258425,1998-06-26
hours_worked,1998-06,1998-06-30,M,0.4810966588692178,1998-07-26
hours_worked,1998-07,1998-07-31,M,-0.13755825627664864,1998-08-26
hours_worked,1998-08,1998-08-31,M,-0.286118633460164,1998-09-26
hours_worked,1998-09,1998-09-30,M,0.214103527704812,1998-10-26
hours_worked,1998-10,1998-10-31,M,0.577582537451593,1998-11-26
hours_worked,1998-11,1998-11-30,M,0.041911223413304555,1998-12-26
hours_worked,1998-12,1998-12-31,M,0.05315002550334569,1999-01-26
hours_worked,1999-01,1999-01-31,M,-0.28617573214282377,1999-02-26
hours_worked,1999-02,1999-02-28,M,0.5257791954316637,1999-03-26
hours_worked,1999-03,1999-03-31,M,0.6004875177341162,1999-04-26
hours_worked,1999-04,1999-04-30,M,0.037545803868255234,1999-05-26
hours_worked,1999-05,1999-05-31,M,-0.15962242128526594,1999-06-26
hours_worked,1999-06,1999-06-30,M,-0.5625878823885655,1999-07-26
hours_worked,1999-07,1999-07-31,M,0.9118647595230511,1999-08-26
hours_worked,1999-08,1999-08-31,M,0.9686614988354325,1999-09-26
hours_worked,1999-09,1999-09-30,M,-0.12880465974751676,1999-10-26
hours_worked,1999-10,1999-10-31,M,1.0919092679266607,1999-11-26
hours_worked,1999-11,1999-11-30,M,0.025679251017063365,1999-12-26
hours_worked,1999-12,1999-12-31,M,0.5043760726742175,2000-01-26
hours_worked,2000-01,2000-01-31,M,1.2068030042293731,2000-02-26
hours_worked,2000-02,2000-02-29,M,-1.8172206751317033,2000-03-26
hours_worked,2000-03,2000-03-31,M,0.1694714009706555,2000-04-26
hours_worked,2000-04,2000-04-30,M,-0.3885137559551888,2000-05-26
hours_worked,2000-05,2000-05-31,M,1.1464137155273724,2000-06-26
hours_worked,2000-06,2000-06-30,M,1.7926900821728653,2000-07-26
hours_worked,2000-07,2000-07-31,M,0.2684142428676983,2000-08-26
hours_worked,2000-08,2000-08-31,M,-1.1406686062428117,2000-09-26
hours_worked,2000-09,2000-09-30,M,0.15774931154166616,2000-10-26
hours_worked,2000-10,2000-10-31,M,-1.0612172559900213,2000-11-26
hours_worked,2000-11,2000-11-30,M,-0.5440743482273858,2000-12-26
hours_worked,2000-12,2000-12-31,M,-0.36173489859151475,2001-01-26
hours_worked,2001-01,2001-01-31,M,0.5595931739173166,2001-02-26
hours_worked,2001-02,2001-02-28,M,0.016328718682179222,2001-03-26
hours_worked,2001-03,2001-03-31,M,-0.329770485378833,2001-04-26
hours_worked,2001-04,2001-04-30,M,0.17988926324010723,2001-05-26
hours_worked,2001-05,2001-05-31,M,0.6095513205707448,2001-06-26
hours_worked,2001-06,2001-06-30,M,-0.7141036993241867,2001-07-26
hours_worked,2001-07,2001-07-31,M,0.34285325405534195,2001-08-26
hours_worked,2001-08,2001-08-31,M,-0.31141639542056065,2001-09-26
hours_worked,2001-09,2001-09-30,M,0.3433437869555078,2001-10-26
hours_worked,2001-10,2001-10-31,M,-0.22494198739978488,2001-11-26
hours_worked,2001-11,2001-11-30,M,0.36355322454848515,2001-12-26
hours_worked,2001-12,2001-12-31,M,0.36760097438748307,2002-01-26
hours_worked,2002-01,2002-01-31,M,-1.1907414101564817,2002-02-26
hours_worked,2002-02,2002-02-28,M,1.6602714679776476,2002-03-26
hours_worked,2002-03,2002-03-31,M,0.8531329139587651,2002-04-26
hours_worked,2002-04,2002-04-30,M,-1.034241327666785,2002-05-26
hours_worked,2002-05,2002-05-31,M,0.5324942947413147,2002-06-26
hours_worked,2002-06,2002-06-30,M,-0.5493197507258962,2002-07-26
hours_worked,2002-07,2002-07-31,M,0.2539887774308136,2002-08-26
hours_worked,2002-08,2002-08-31,M,0.8057444570216177,2002-09-26
hours_worked,2002-09,2002-09-30,M,0.16736105112118427,2002-10-26
hours_worked,2002-10,2002-10-31,M,-0.5622590353719814,2002-11-26
hours_worked,2002-11,2002-11-30,M,1.4356421903376049,2002-12-26
hours_worked,2002-12,2002-12-31,M,-0.024874466880131507,2003-01-26
hours_worked,2003-01,2003-01-31,M,0.5239139496067358,2003-02-26
hours_worked,2003-02,2003-02-28,M,-0.12106850410862346,2003-03-26
hours_worked,2003-03,2003-03-31,M,0.00222248814918391,2003-04-26
hours_worked,2003-04,2003-04-30,M,-0.10752548473090817,2003-05-26
hours_worked,2003-05,2003-05-31,M,-0.35603491754364613,2003-06-26
hours_worked,2003-06,2003-06-30,M,0.4125094623436354,2003-07-26
hours_worked,2003-07,2003-07-31,M,0.12800868330740123,2003-08-26
hours_worked,2003-08,2003-08-31,M,-0.33907465919884583,2003-09-26
hours_worked,2003-09,2003-09-30,M,0.13137437052765932,2003-10-26
hours_worked,2003-10,2003-10-31,M,0.3581772176997067,2003-11-26
hours_worked,2003-11,2003-11-30,M,0.4461356359106716,2003-12-26
hours_worked,2003-12,2003-12-31,M,0.1425098066484498,2004-01-26
hours_worked,2004-01,2004-01-31,M,-0.16531368241666788,2004-02-26
hours_worked,2004-02,2004-02-29,M,0.3782033279421837,2004-03-26
hours_worked,2004-03,2004-03-31,M,0.09524147862463028,2004-04-26
hours_worked,2004-04,2004-04-30,M,0.21964972862551502,2004-05-26
hours_worked,2004-05,2004-05-31,M,-0.12472453821965601,2004-06-26
hours_worked,2004-06,2004-06-30,M,0.464580674751236,2004-07-26
hours_worked,2004-07,2004-07-31,M,-1.135394685591662,2004-08-26
hours_worked,2004-08,2004-08-31,M,1.2142944171704695,2004-09-26
hours_worked,2004-09,2004-09-30,M,0.4851472605793772,2004-10-26
hours_worked,2004-10,2004-10-31,M,0.41112417556170566,2004-11-26
hours_worked,2004-11,2004-11-30,M,0.2295905332218684,2004-12-26
hours_worked,2004-12,2004-12-31,M,0.5825700149921786,2005-01-26
hours_worked,2005-01,2005-01-31,M,0.8202085888051602,2005-02-26
hours_worked,2005-02,2005-02-28,M,-0.019440875274745473,2005-03-26
hours_worked,2005-03,2005-03-31,M,0.37640154914317936,2005-04-26
hours_worked,2005-04,2005-04-30,M,0.244157505803555,2005-05-26
hours_worked,2005-05,2005-05-31,M,-0.12088307101930651,2005-06-26
hours_worked,2005-06,2005-06-30,M,0.6593055317632324,2005-07-26
hours_worked,2005-07,2005-07-31,M,-0.3939676525568703,2005-08-26
hours_worked,2005-08,2005-08-31,M,0.46517963820518204,2005-09-26
hours_worked,2005-09,2005-09-30,M,-0.36408012165739523,2005-10-26
hours_worked,2005-10,2005-10-31,M,-0.22425652784766603,2005-11-26
hours_worked,2005-11,2005-11-30,M,0.01552641427937651,2005-12-26
hours_worked,2005-12,2005-12-31,M,0.5207558610021534,2006-01-26
hours_worked,2006-01,2006-01-31,M,-1.322652682402059,2006-02-26
hours_worked,2006-02,2006-02-28,M,1.3035050434368811,2006-03-26
hours_worked,2006-03,2006-03-31,M,0.39930390095623824,2006-04-26
hours_worked,2006-04,2006-04-30,M,-0.31374488253259614,2006-05-26
hours_worked,2006-05,2006-05-31,M,1.499934968066552,2006-06-26
hours_worked,2006-06,2006-06-30,M,-0.32983405886634065,2006-07-26
hours_worked,2006-07,2006-07-31,M,0.6048806028852383,2006-08-26
hours_worked,2006-08,2006-08-31,M,0.28206642853010333,2006-09-26
hours_worked,2006-09,2006-09-30,M,0.2144466636987863,2006-10-26
hours_worked,2006-10,2006-10-31,M,0.3519278602421627,2006-11-26
hours_worked,2006-11,2006-11-30,M,-0.40739045911210026,2006-12-26
hours_worked,2006-12,2006-12-31,M,1.041410086847372,2007-01-26
hours_worked,2007-01,2007-01-31,M,-2.2795804282413346,2007-02-26
hours_worked,2007-02,2007-02-28,M,2.264580332273991,2007-03-26
hours_worked,2007-03,2007-03-31,M,0.744473297804138,2007-04-26
hours_worked,2007-04,2007-04-30,M,-0.0251523827747846,2007-05-26
hours_worked,2007-05,2007-05-31,M,0.6187114154915463,2007-06-26
hours_worked,2007-06,2007-06-30,M,-0.42760293727700516,2007-07-26
hours_worked,2007-07,2007-07-31,M,0.7240307929288203,2007-08-26
hours_worked,2007-08,2007-08-31,M,0.017165382192052547,2007-09-26
hours_worked,2007-09,2007-09-30,M,-0.7697243160611822,2007-10-26
hours_worked,2007-10,2007-10-31,M,1.867392395589973,2007-11-26
hours_worked,2007-11,2007-11-30,M,0.16670555709228374,2007-12-26
hours_worked,2007-12,2007-12-31,M,-0.5223799137751062,2008-01-26
hours_worked,2008-01,2008-01-31,M,-0.09975120152300176,2008-02-26
hours_worked,2008-02,2008-02-29,M,1.1954004377618288,2008-03-26
hours_worked,2008-03,2008-03-31,M,-0.05121057338836055,2008-04-26
hours_worked,2008-04,2008-04-30,M,0.34587364713725144,2008-05-26
hours_worked,2008-05,2008-05-31,M,0.23894964591129053,2008-06-26
hours_worked,2008-06,2008-06-30,M,0.14648224968212276,2008-07-26
hours_worked,2008-07,2008-07-31,M,1.018165294573703,2008-08-26
hours_worked,2008-08,2008-08-31,M,-0.4864391313251337,2008-09-26
hours_worked,2008-09,2008-09-30,M,-0.26620249256398276,2008-10-26
hours_worked,2008-10,2008-10-31,M,-0.0547746012574124,2008-11-26
hours_worked,2008-11,2008-11-30,M,-0.47558129739708743,2008-12-26
hours_worked,2008-12,2008-12-31,M,-0.19216093520609823,2009-01-26
hours_worked,2009-01,2009-01-31,M,1.368425943363616,2009-02-26
hours_worked,2009-02,2009-02-28,M,-2.2156140215973563,2009-03-26
hours_worked,2009-03,2009-03-31,M,-0.0651313773592066,2009-04-26
hours_worked,2009-04,2009-04-30,M,0.38711267275752803,2009-05-26
hours_worked,2009-05,2009-05-31,M,-0.9181022360873703,2009-06-26
hours_worked,2009-06,2009-06-30,M,0.2724948211034306,2009-07-26
hours_worked,2009-07,2009-07-31,M,-0.43888050285556535,2009-08-26
hours_worked,2009-08,2009-08-31,M,0.15149922193042897,2009-09-26
hours_worked,2009-09,2009-09-30,M,0.8598259200527592,2009-10-26
hours_worked,2009-10,2009-10-31,M,-0.5003360563480941,2009-11-26
hours_worked,2009-11,2009-11-30,M,1.3042650348061624,2009-12-26
hours_worked,2009-12,2009-12-31,M,0.1092465754552796,2010-01-26
hours_worked,2010-01,2010-01-31,M,0.2235059694655872,2010-02-26
hours_worked,2010-02,2010-02-28,M,0.20852099801862423,2010-03-26
hours_worked,2010-03,2010-03-31,M,-0.7449827780327767,2010-04-26
hours_worked,2010-04,2010-04-30,M,0.8403604055483793,2010-05-26
hours_worked,2010-05,2010-05-31,M,1.111103853161599,2010-06-26
hours_worked,2010-06,2010-06-30,M,-0.024948578439998315,2010-07-26
hours_worked,2010-07,2010-07-31,M,-0.40086812024215934,2010-08-26
hours_worked,2010-08,2010-08-31,M,0.9555999448651153,2010-09-26
hours_worked,2010-09,2010-09-30,M,-0.0567102285639165,2010-10-26
hours_worked,2010-10,2010-10-31,M,0.4171156027132916,2010-11-26
hours_worked,2010-11,2010-11-30,M,0.17741593300422132,2010-12-26
hours_worked,2010-12,2010-12-31,M,-0.0773428560942202,2011-01-26
hours_worked,2011-01,2011-01-31,M,0.7042842558845797,2011-02-26
hours_worked,2011-02,2011-02-28,M,-0.060486389922520534,2011-03-26
hours_worked,2011-03,2011-03-31,M,0.04381806700131108,2011-04-26
hours_worked,2011-04,2011-04-30,M,-1.6804958957573612,2011-05-26
hours_worked,2011-05,2011-05-31,M,1.3299175392110785,2011-06-26
hours_worked,2011-06,2011-06-30,M,0.5217964314802259,2011-07-26
hours_worked,2011-07,2011-07-31,M,0.022080207229202564,2011-08-26
hours_worked,2011-08,2011-08-31,M,0.10290219125277389,2011-09-26
hours_worked,2011-09,2011-09-30,M,-0.18450319165916884,2011-10-26
hours_worked,2011-10,2011-10-31,M,0.7207776260979459,2011-11-26
hours_worked,2011-11,2011-11-30,M,-0.4307244052760062,2011-12-26
hours_worked,2011-12,2011-12-31,M,0.18267203032122925,2012-01-26
hours_worked,2012-01,2012-01-31,M,0.06411839846305334,2012-02-26
hours_worked,2012-02,2012-02-29,M,-0.2264314214796892,2012-03-26
hours_worked,2012-03,2012-03-31,M,0.560659334781044,2012-04-26
hours_worked,2012-04,2012-04-30,M,-0.058813817575453786,2012-05-26
hours_worked,2012-05,2012-05-31,M,0.6832395844642347,2012-06-26
hours_worked,2012-06,2012-06-30,M,-1.7081389441125694,2012-07-26
hours_worked,2012-07,2012-07-31,M,0.6412051211835079,2012-08-26
hours_worked,2012-08,2012-08-31,M,-0.058004126447885884,2012-09-26
hours_worked,2012-09,2012-09-30,M,0.6377207075576763,2012-10-26
hours_worked,2012-10,2012-10-31,M,-0.735160766179499,2012-11-26
hours_worked,2012-11,2012-11-30,M,0.8850756917694325,2012-12-26
hours_worked,2012-12,2012-12-31,M,0.0243796852426037,2013-01-26
hours_worked,2013-01,2013-01-31,M,-0.02135929939242054,2013-02-26
hours_worked,2013-02,2013-02-28,M,0.11882123381192766,2013-03-26
hours_worked,2013-03,2013-03-31,M,-0.425666378245837,2013-04-26
hours_worked,2013-04,2013-04-30,M,0.7678602238572418,2013-05-26
hours_worked,2013-05,2013-05-31,M,-0.13695939309159577,2013-06-26
hours_worked,2013-06,2013-06-30,M,-0.11345047333918279,2013-07-26
hours_worked,2013-07,2013-07-31,M,0.6141115233598171,2013-08-26
hours_worked,2013-08,2013-08-31,M,0.2729700381639333,2013-09-26
hours_worked,2013-09,2013-09-30,M,-0.7689672208865184,2013-10-26
hours_worked,2013-10,2013-10-31,M,-0.1428288777203024,2013-11-26
hours_worked,2013-11,2013-11-30,M,-0.034297078258926916,2013-12-26
hours_worked,2013-12,2013-12-31,M,-0.05418722300416512,2014-01-26
hours_worked,2014-01,2014-01-31,M,-0.44580601141057663,2014-02-26
hours_worked,2014-02,2014-02-28,M,0.6361147008735468,2014-03-26
hours_worked,2014-03,2014-03-31,M,0.42674617284599314,2014-04-26
hours_worked,2014-04,2014-04-30,M,-0.16060061949537685,2014-05-26
hours_worked,2014-05,2014-05-31,M,0.11538782725133423,2014-06-26
hours_worked,2014-06,2014-06-30,M,0.33646758363199414,2014-07-26
hours_worked,2014-07,2014-07-31,M,-0.11281935258258269,2014-08-26
hours_worked,2014-08,2014-08-31,M,0.03594725053748249,2014-09-26
hours_worked,2014-09,2014-09-30,M,-0.2810727319846218,2014-10-26
hours_worked,2014-10,2014-10-31,M,0.041445959406249955,2014-11-26
hours_worked,2014-11,2014-11-30,M,0.04066244487934689,2014-12-26
hours_worked,2014-12,2014-12-31,M,-0.6152018939248993,2015-01-26
hours_worked,2015-01,2015-01-31,M,1.7033945242991289,2015-02-26
hours_worked,2015-02,2015-02-28,M,-0.10059472281651605,2015-03-26
hours_worked,2015-03,2015-03-31,M,0.5162818266172486,2015-04-26
hours_worked,2015-04,2015-04-30,M,-0.2971433611742125,2015-05-26
hours_worked,2015-05,2015-05-31,M,0.34403764217108,2015-06-26
hours_worked,2015-06,2015-06-30,M,-0.23203039938807235,2015-07-26
hours_worked,2015-07,2015-07-31,M,0.35939835790888,2015-08-26
hours_worked,2015-08,2015-08-31,M,-0.14199943683207428,2015-09-26
hours_worked,2015-09,2015-09-30,M,0.6677414897132916,2015-10-26
hours_worked,2015-10,2015-10-31,M,0.4104613922815581,2015-11-26
hours_worked,2015-11,2015-11-30,M,-0.12337802392317077,2015-12-26
hours_worked,2015-12,2015-12-31,M,-0.0039473528811950764,2016-01-26
hours_worked,2016-01,2016-01-31,M,0.628530448737119,2016-02-26
hours_worked,2016-02,2016-02-29,M,0.04419689838317531,2016-03-26
hours_worked,2016-03,2016-03-31,M,-0.4034025261710039,2016-04-26
hours_worked,2016-04,2016-04-30,M,-1.754652192032402,2016-05-26
hours_worked,2016-05,2016-05-31,M,2.157250581670911,2016-06-26
hours_worked,2016-06,2016-06-30,M,-0.3147013446179514,2016-07-26
hours_worked,2016-07,2016-07-31,M,0.22131921299708424,2016-08-26
hours_worked,2016-08,2016-08-31,M,0.09754601384455164,2016-09-26
hours_worked,2016-09,2016-09-30,M,-0.23175818436929063,2016-10-26
hours_worked,2016-10,2016-10-31,M,0.26570502156215703,2016-11-26
hours_worked,2016-11,2016-11-30,M,0.19444665792047733,2016-12-26
hours_worked,2016-12,2016-12-31,M,0.6093205219985132,2017-01-26
hours_worked,2017-01,2017-01-31,M,1.8596500800556859,2017-02-26
hours_worked,2017-02,2017-02-28,M,-2.6483689658586274,2017-03-26
hours_worked,2017-03,2017-03-31,M,1.04884837896555,2017-04-26
hours_worked,2017-04,2017-04-30,M,-0.7762052827535615,2017-05-26
hours_worked,2017-05,2017-05-31,M,2.8232143959133094,2017-06-26
hours_worked,2017-06,2017-06-30,M,-0.2048787371822791,2017-07-26
hours_worked,2017-07,2017-07-31,M,-0.5014362879096845,2017-08-26
hours_worked,2017-08,2017-08-31,M,0.2023818029498914,2017-09-26
hours_worked,2017-09,2017-09-30,M,0.5539256794018677,2017-10-26
hours_worked,2017-10,2017-10-31,M,0.16994109790486878,2017-11-26
hours_worked,2017-11,2017-11-30,M,0.688535849127736,2017-12-26
hours_worked,2017-12,2017-12-31,M,-0.44348092973668374,2018-01-26
hours_worked,2018-01,2018-01-31,M,-0.27219385720561595,2018-02-26
hours_worked,2018-02,2018-02-28,M,0.2777112502583501,2018-03-26
hours_worked,2018-03,2018-03-31,M,0.07879349360844223,2018-04-26
hours_worked,2018-04,2018-04-30,M,0.7265993014674565,2018-05-26
hours_worked,2018-05,2018-05-31,M,-0.37394987260058743,2018-06-26
hours_worked,2018-06,2018-06-30,M,0.4879696545170731,2018-07-26
hours_worked,2018-07,2018-07-31,M,0.04023991938300053,2018-08-26
hours_worked,2018-08,2018-08-31,M,0.10085650091027354,2018-09-26
hours_worked,2018-09,2018-09-30,M,0.15503442145530233,2018-10-26
hours_worked,2018-10,2018-10-31,M,0.4910217083253787,2018-11-26
hours_worked,2018-11,2018-11-30,M,-0.12237263826251343,2018-12-26
hours_worked,2018-12,2018-12-31,M,-0.18444096514300679,2019-01-26
hours_worked,2019-01,2019-01-31,M,1.0277011712086725,2019-02-26
hours_worked,2019-02,2019-02-28,M,0.16382361877980145,2019-03-26
hours_worked,2019-03,2019-03-31,M,0.4884622170856945,2019-04-26
hours_worked,2019-04,2019-04-30,M,-0.31600048723396945,2019-05-26
hours_worked,2019-05,2019-05-31,M,-0.45782006348664694,2019-06-26
hours_worked,2019-06,2019-06-30,M,0.1324486064810726,2019-07-26
hours_worked,2019-07,2019-07-31,M,0.23068173632321276,2019-08-26
hours_worked,2019-08,2019-08-31,M,0.261009004341739,2019-09-26
hours_worked,2019-09,2019-09-30,M,0.08727177535357011,2019-10-26
hours_worked,2019-10,2019-10-31,M,-0.3806367055864124,2019-11-26
hours_worked,2019-11,2019-11-30,M,0.32033729248799325,2019-12-26
hours_worked,2019-12,2019-12-31,M,0.6571019187601834,2020-01-26
hours_worked,2020-01,2020-01-31,M,-0.2803841011824848,2020-02-26
hours_worked,2020-02,2020-02-29,M,-0.5427689457664808,2020-03-26
hours_worked,2020-03,2020-03-31,M,-0.4153103418758186,2020-04-26
hours_worked,2020-04,2020-04-30,M,-10.32959973041333,2020-05-26
hours_worked,2020-05,2020-05-31,M,1.0102394989694563,2020-06-26
hours_worked,2020-06,2020-06-30,M,3.971091107501401,2020-07-26
hours_worked,2020-07,2020-07-31,M,1.1305550274438358,2020-08-26
hours_worked,2020-08,2020-08-31,M,0.22330902392628804,2020-09-26
hours_worked,2020-09,2020-09-30,M,-0.006053007627149221,2020-10-26
hours_worked,2020-10,2020-10-31,M,1.6920212185615346,2020-11-26
hours_worked,2020-11,2020-11-30,M,2.1299917977369187,2020-12-26
hours_worked,2020-12,2020-12-31,M,-0.20855037013753908,2021-01-26
hours_worked,2021-01,2021-01-31,M,-0.8042737072362915,2021-02-26
hours_worked,2021-02,2021-02-28,M,1.090716192634944,2021-03-26
hours_worked,2021-03,2021-03-31,M,2.7498963708409763,2021-04-26
hours_worked,2021-04,2021-04-30,M,-1.7230802222928832,2021-05-26
hours_worked,2021-05,2021-05-31,M,1.9197540963719506,2021-06-26
hours_worked,2021-06,2021-06-30,M,-1.5253596417692306,2021-07-26
hours_worked,2021-07,2021-07-31,M,-0.025592966234444514,2021-08-26
hours_worked,2021-08,2021-08-31,M,-3.9848200633783804,2021-09-26
hours_worked,2021-09,2021-09-30,M,1.2408459449132714,2021-10-26
hours_worked,2021-10,2021-10-31,M,-0.16208397426741294,2021-11-26
hours_worked,2021-11,2021-11-30,M,4.048740898625391,2021-12-26
hours_worked,2021-12,2021-12-31,M,1.856053043080963,2022-01-26
hours_worked,2022-01,2022-01-31,M,-4.482965408574846,2022-02-26
hours_worked,2022-02,2022-02-28,M,4.172206440168691,2022-03-26
hours_worked,2022-03,2022-03-31,M,-0.023402451120324574,2022-04-26
hours_worked,2022-04,2022-04-30,M,0.43551923214255606,2022-05-26
hours_worked,2022-05,2022-05-31,M,1.432928741619044,2022-06-26
hours_worked,2022-06,2022-06-30,M,0.38614266895664606,2022-07-26
hours_worked,2022-07,2022-07-31,M,-0.18628313496301674,2022-08-26
hours_worked,2022-08,2022-08-31,M,1.1928806797507407,2022-09-26
hours_worked,2022-09,2022-09-30,M,0.18356708448790116,2022-10-26
hours_worked,2022-10,2022-10-31,M,1.759243553821488,2022-11-26
hours_worked,2022-11,2022-11-30,M,-0.2532818087579103,2022-12-26
hours_worked,2022-12,2022-12-31,M,-0.05136864300937516,2023-01-26
hours_worked,2023-01,2023-01-31,M,0.8766628166261947,2023-02-26
hours_worked,2023-02,2023-02-28,M,0.14853488783079793,2023-03-26
hours_worked,2023-03,2023-03-31,M,0.6505081699321957,2023-04-26
hours_worked,2023-04,2023-04-30,M,0.9001922654763739,2023-05-26
hours_worked,2023-05,2023-05-31,M,-0.643158214154127,2023-06-26
hours_worked,2023-06,2023-06-30,M,0.16999909939370283,2023-07-26
hours_worked,2023-07,2023-07-31,M,0.008193081104046485,2023-08-26
hours_worked,2023-08,2023-08-31,M,-0.6259575177586241,2023-09-26
hours_worked,2023-09,2023-09-30,M,-0.42981029554116645,2023-10-26
hours_worked,2023-10,2023-10-31,M,0.14470851824945896,2023-11-26
hours_worked,2023-11,2023-11-30,M,-0.27311397621714306,2023-12-26
hours_worked,2023-12,2023-12-31,M,-0.3807933304606159,2024-01-26
hours_worked,2024-01,2024-01-31,M,0.07963632185499225,2024-02-26
hours_worked,2024-02,2024-02-29,M,0.6382386508573257,2024-03-26
hours_worked,2024-03,2024-03-31,M,1.3139759250472283,2024-04-26
hours_worked,2024-04,2024-04-30,M,-0.4231840712162316,2024-05-26
hours_worked,2024-05,2024-05-31,M,-0.29927810589726045,2024-06-26
hours_worked,2024-06,2024-06-30,M,0.20346408295086604,2024-07-26
hours_worked,2024-07,2024-07-31,M,0.2743039500664013,2024-08-26
hours_worked,2024-08,2024-08-31,M,0.6273261348926917,2024-09-26
hours_worked,2024-09,2024-09-30,M,0.11434342049254642,2024-10-26
hours_worked,2024-10,2024-10-31,M,-0.25982221056376487,2024-11-26
hours_worked,2024-11,2024-11-30,M,0.8026606807038039,2024-12-26
hours_worked,2024-12,2024-12-31,M,0.41249741089941505,2025-01-26
hours_worked,2025-01,2025-01-31,M,-0.06797489697892845,2025-02-26
hours_worked,2025-02,2025-02-28,M,-0.2073253529653596,2025-03-26
hours_worked,2025-03,2025-03-31,M,-0.40968755145882607,2025-04-26
hours_worked,2025-04,2025-04-30,M,0.03143948845969469,2025-05-26
hours_worked,2025-05,2025-05-31,M,1.6118798720295313,2025-06-26
hours_worked,2025-06,2025-06-30,M,-1.0546683086318231,2025-07-26
hours_worked,2025-07,2025-07-31,M,0.33150482158674777,2025-08-26
hours_worked,2025-08,2025-08-31,M,-0.3891029354814779,2025-09-26
hours_worked,2025-09,2025-09-30,M,0.4842314781857704,2025-10-26
hours_worked,2025-10,2025-10-31,M,0.31005607366774157,2025-11-26
hours_worked,2025-11,2025-11-30,M,-0.08520095849177123,2025-12-26
hours_worked,2025-12,2025-12-31,M,0.35360235940937734,2026-01-26
hours_worked,2026-01,2026-01-31,M,0.5423620181949751,2026-02-26
hours_worked,2026-02,2026-02-28,M,-0.20926108310649338,2026-03-26
hours_worked,2026-03,2026-03-31,M,0.410152339782055,2026-04-26
hours_worked,2026-04,2026-04-30,M,0.8977493635737632,2026-05-26
hours_worked,2026-05,2026-05-31,M,-1.0798809457821412,2026-06-26
hours_worked,2026-06,2026-06-30,M,0.2439758401490355,2026-07-26
household_spending,2012-08,2012-08-31,M,1.2262231913837018,2012-10-10
household_spending,2012-09,2012-09-30,M,-0.15438796361596507,2012-11-09
household_spending,2012-10,2012-10-31,M,-0.06995555897661987,2012-12-10
household_spending,2012-11,2012-11-30,M,-0.3602174898051702,2013-01-09
household_spending,2012-12,2012-12-31,M,0.734408039835377,2013-02-09
household_spending,2013-01,2013-01-31,M,0.7829992777175887,2013-03-12
household_spending,2013-02,2013-02-28,M,0.6689674788190159,2013-04-09
household_spending,2013-03,2013-03-31,M,-0.5188032818979393,2013-05-10
household_spending,2013-04,2013-04-30,M,0.10488321957939917,2013-06-09
household_spending,2013-05,2013-05-31,M,0.7816671246311024,2013-07-10
household_spending,2013-06,2013-06-30,M,-0.3143204206307537,2013-08-09
household_spending,2013-07,2013-07-31,M,0.7358009757312489,2013-09-09
household_spending,2013-08,2013-08-31,M,0.5867251773088666,2013-10-10
household_spending,2013-09,2013-09-30,M,-0.05157116491580904,2013-11-09
household_spending,2013-10,2013-10-31,M,-0.5653798694027379,2013-12-10
household_spending,2013-11,2013-11-30,M,1.072711655195424,2014-01-09
household_spending,2013-12,2013-12-31,M,1.1596381264896927,2014-02-09
household_spending,2014-01,2014-01-31,M,0.21769318650561864,2014-03-12
household_spending,2014-02,2014-02-28,M,-0.2758353176954831,2014-04-09
household_spending,2014-03,2014-03-31,M,1.0806780979546904,2014-05-10
household_spending,2014-04,2014-04-30,M,0.04104616410769424,2014-06-09
household_spending,2014-05,2014-05-31,M,-0.052996209061506594,2014-07-10
household_spending,2014-06,2014-06-30,M,-0.04511342498556559,2014-08-09
household_spending,2014-07,2014-07-31,M,1.2624625935028666,2014-09-09
household_spending,2014-08,2014-08-31,M,-0.8533991267445584,2014-10-10
household_spending,2014-09,2014-09-30,M,0.9617330796551027,2014-11-09
household_spending,2014-10,2014-10-31,M,0.43049327354260924,2014-12-10
household_spending,2014-11,2014-11-30,M,-0.21474422953677852,2015-01-09
household_spending,2014-12,2014-12-31,M,-0.13539892144125432,2015-02-09
household_spending,2015-01,2015-01-31,M,-0.08202424881391668,2015-03-12
household_spending,2015-02,2015-02-28,M,1.8885284925326262,2015-04-09
household_spending,2015-03,2015-03-31,M,0.14312048217726137,2015-05-10
household_spending,2015-04,2015-04-30,M,-0.0759047034028848,2015-06-09
household_spending,2015-05,2015-05-31,M,0.07492745283916857,2015-07-10
household_spending,2015-06,2015-06-30,M,1.1869798302364565,2015-08-09
household_spending,2015-07,2015-07-31,M,0.5259231248786467,2015-09-09
household_spending,2015-08,2015-08-31,M,-0.08926247641356522,2015-10-10
household_spending,2015-09,2015-09-30,M,0.19944278129064852,2015-11-09
household_spending,2015-10,2015-10-31,M,0.9672000958669491,2015-12-10
household_spending,2015-11,2015-11-30,M,-0.9181048095898148,2016-01-09
household_spending,2015-12,2015-12-31,M,-0.13318525947777493,2016-02-09
household_spending,2016-01,2016-01-31,M,0.4076106291841075,2016-03-11
household_spending,2016-02,2016-02-29,M,0.14051541215154284,2016-04-09
household_spending,2016-03,2016-03-31,M,0.2988333771406726,2016-05-10
household_spending,2016-04,2016-04-30,M,1.381665416837996,2016-06-09
household_spending,2016-05,2016-05-31,M,0.06800259284740484,2016-07-10
household_spending,2016-06,2016-06-30,M,0.7061899917339742,2016-08-09
household_spending,2016-07,2016-07-31,M,-0.6189598633039917,2016-09-09
household_spending,2016-08,2016-08-31,M,0.6325432168376333,2016-10-10
household_spending,2016-09,2016-09-30,M,-0.22214900555767025,2016-11-09
household_spending,2016-10,2016-10-31,M,0.5991208938962878,2016-12-10
household_spending,2016-11,2016-11-30,M,-0.02162072916891411,2017-01-09
household_spending,2016-12,2016-12-31,M,1.0859885070803488,2017-02-09
household_spending,2017-01,2017-01-31,M,0.2823886344408999,2017-03-12
household_spending,2017-02,2017-02-28,M,-0.13536654662096304,2017-04-09
household_spending,2017-03,2017-03-31,M,-0.10544938332501808,2017-05-10
household_spending,2017-04,2017-04-30,M,0.5244986352926695,2017-06-09
household_spending,2017-05,2017-05-31,M,0.630446301832932,2017-07-10
household_spending,2017-06,2017-06-30,M,0.1737278852473434,2017-08-09
household_spending,2017-07,2017-07-31,M,-0.22253855096708852,2017-09-09
household_spending,2017-08,2017-08-31,M,-0.22091990355663782,2017-10-10
household_spending,2017-09,2017-09-30,M,0.7675127999090314,2017-11-09
household_spending,2017-10,2017-10-31,M,0.6450169429294883,2017-12-10
household_spending,2017-11,2017-11-30,M,1.4808903582523403,2018-01-09
household_spending,2017-12,2017-12-31,M,0.3181058193331143,2018-02-09
household_spending,2018-01,2018-01-31,M,-0.6922384928648495,2018-03-12
household_spending,2018-02,2018-02-28,M,1.779965381731241,2018-04-09
household_spending,2018-03,2018-03-31,M,-1.0063520200901066,2018-05-10
household_spending,2018-04,2018-04-30,M,1.0117326668034554,2018-06-09
household_spending,2018-05,2018-05-31,M,1.3081357772549929,2018-07-10
household_spending,2018-06,2018-06-30,M,1.1450590392586335,2018-08-09
household_spending,2018-07,2018-07-31,M,-1.03406019102541,2018-09-09
household_spending,2018-08,2018-08-31,M,0.5362716284083691,2018-10-10
household_spending,2018-09,2018-09-30,M,0.1112103269837128,2018-11-09
household_spending,2018-10,2018-10-31,M,0.5608616281993939,2018-12-10
household_spending,2018-11,2018-11-30,M,0.6311384420524035,2019-01-09
household_spending,2018-12,2018-12-31,M,-0.13444681037457773,2019-02-09
household_spending,2019-01,2019-01-31,M,-0.17150724072061418,2019-03-12
household_spending,2019-02,2019-02-28,M,-0.9063536213794743,2019-04-09
household_spending,2019-03,2019-03-31,M,0.6596509007990026,2019-05-10
household_spending,2019-04,2019-04-30,M,-1.6479387281781999,2019-06-09
household_spending,2019-05,2019-05-31,M,0.6072637667171144,2019-07-10
household_spending,2019-06,2019-06-30,M,-0.4189939058735437,2019-08-09
household_spending,2019-07,2019-07-31,M,0.38992081158997216,2019-09-09
household_spending,2019-08,2019-08-31,M,0.32206645983166027,2019-10-10
household_spending,2019-09,2019-09-30,M,-0.5585458603653559,2019-11-09
household_spending,2019-10,2019-10-31,M,0.3179166530026256,2019-12-10
household_spending,2019-11,2019-11-30,M,-0.8544742304737674,2020-01-09
household_spending,2019-12,2019-12-31,M,1.3027406644856798,2020-02-09
household_spending,2020-01,2020-01-31,M,0.22710916790527058,2020-03-11
household_spending,2020-02,2020-02-29,M,-2.7485413877833764,2020-04-09
household_spending,2020-03,2020-03-31,M,-3.0161819021665592,2020-05-10
household_spending,2020-04,2020-04-30,M,-19.965570007651113,2020-06-09
household_spending,2020-05,2020-05-31,M,17.549591319726577,2020-07-10
household_spending,2020-06,2020-06-30,M,6.749808376927158,2020-08-09
household_spending,2020-07,2020-07-31,M,4.623559660984666,2020-09-09
household_spending,2020-08,2020-08-31,M,-5.738486800187859,2020-10-10
household_spending,2020-09,2020-09-30,M,-0.09907242715859743,2020-11-09
household_spending,2020-10,2020-10-31,M,2.022849852113895,2020-12-10
household_spending,2020-11,2020-11-30,M,3.240903905986503,2021-01-09
household_spending,2020-12,2020-12-31,M,0.7471671518083589,2021-02-09
household_spending,2021-01,2021-01-31,M,-0.9600512998948818,2021-03-12
household_spending,2021-02,2021-02-28,M,-1.2406674036482435,2021-04-09
household_spending,2021-03,2021-03-31,M,2.2804396979777097,2021-05-10
household_spending,2021-04,2021-04-30,M,0.946904169656082,2021-06-09
household_spending,2021-05,2021-05-31,M,0.17263212581040133,2021-07-10
household_spending,2021-06,2021-06-30,M,-1.8953206738517747,2021-08-09
household_spending,2021-07,2021-07-31,M,-3.052185245691008,2021-09-09
household_spending,2021-08,2021-08-31,M,-2.367834111503664,2021-10-10
household_spending,2021-09,2021-09-30,M,2.8575251718199635,2021-11-09
household_spending,2021-10,2021-10-31,M,6.1207675092526115,2021-12-10
household_spending,2021-11,2021-11-30,M,4.635119169235424,2022-01-09
household_spending,2021-12,2021-12-31,M,1.0386386481566978,2022-02-09
household_spending,2022-01,2022-01-31,M,-0.4246623455410381,2022-03-12
household_spending,2022-02,2022-02-28,M,4.409198459497676,2022-04-09
household_spending,2022-03,2022-03-31,M,1.8595027963663524,2022-05-10
household_spending,2022-04,2022-04-30,M,2.439841057248593,2022-06-09
household_spending,2022-05,2022-05-31,M,1.2705661470492124,2022-07-10
household_spending,2022-06,2022-06-30,M,1.0808561800468297,2022-08-09
household_spending,2022-07,2022-07-31,M,2.0456805088323815,2022-09-09
household_spending,2022-08,2022-08-31,M,0.29095762429094396,2022-10-10
household_spending,2022-09,2022-09-30,M,1.3964485492106382,2022-11-09
household_spending,2022-10,2022-10-31,M,1.5892529286265056,2022-12-10
household_spending,2022-11,2022-11-30,M,-0.5846727598190604,2023-01-09
household_spending,2022-12,2022-12-31,M,0.2581740682341849,2023-02-09
household_spending,2023-01,2023-01-31,M,1.4514419365617037,2023-03-12
household_spending,2023-02,2023-02-28,M,0.18199318022436017,2023-04-09
household_spending,2023-03,2023-03-31,M,-0.2717853377619872,2023-05-10
household_spending,2023-04,2023-04-30,M,1.096640171870411,2023-06-09
household_spending,2023-05,2023-05-31,M,-0.03569902628797195,2023-07-10
household_spending,2023-06,2023-06-30,M,0.04302284710018256,2023-08-09
household_spending,2023-07,2023-07-31,M,0.20307607553025075,2023-09-09
household_spending,2023-08,2023-08-31,M,0.7356230916927275,2023-10-10
household_spending,2023-09,2023-09-30,M,1.5530890530542463,2023-11-09
household_spending,2023-10,2023-10-31,M,-1.1200971756276767,2023-12-10
household_spending,2023-11,2023-11-30,M,0.5949550144128457,2024-01-09
household_spending,2023-12,2023-12-31,M,-0.6165216216737823,2024-02-09
household_spending,2024-01,2024-01-31,M,1.6740887235125568,2024-03-11
household_spending,2024-02,2024-02-29,M,-0.37224465298995035,2024-04-09
household_spending,2024-03,2024-03-31,M,-0.4889162106323952,2024-05-10
household_spending,2024-04,2024-04-30,M,0.47618392449300107,2024-06-09
household_spending,2024-05,2024-05-31,M,0.1737687273802635,2024-07-10
household_spending,2024-06,2024-06-30,M,0.04852709999316751,2024-08-09
household_spending,2024-07,2024-07-31,M,0.28309685000103,2024-09-09
household_spending,2024-08,2024-08-31,M,0.2678558047459312,2024-10-10
household_spending,2024-09,2024-09-30,M,-0.016169730536208515,2024-11-09
household_spending,2024-10,2024-10-31,M,0.9358216095153304,2024-12-10
household_spending,2024-11,2024-11-30,M,0.5606495132689737,2025-01-09
household_spending,2024-12,2024-12-31,M,0.4137244033129983,2025-02-09
household_spending,2025-01,2025-01-31,M,0.6332303950589813,2025-03-12
household_spending,2025-02,2025-02-28,M,0.18338096733458986,2025-04-09
household_spending,2025-03,2025-03-31,M,0.051051650780253865,2025-05-10
household_spending,2025-04,2025-04-30,M,0.15902538457572835,2025-06-09
household_spending,2025-05,2025-05-31,M,0.8846672632198516,2025-07-10
household_spending,2025-06,2025-06-30,M,0.38684491796716625,2025-08-09
household_spending,2025-07,2025-07-31,M,0.4356574478787678,2025-09-09
household_spending,2025-08,2025-08-31,M,-0.07045643573476701,2025-10-10
household_spending,2025-09,2025-09-30,M,0.33617002490435866,2025-11-09
household_spending,2025-10,2025-10-31,M,1.3793862061379336,2025-12-10
household_spending,2025-11,2025-11-30,M,0.9236731453138525,2026-01-09
household_spending,2025-12,2025-12-31,M,-0.45090623932813045,2026-02-09
household_spending,2026-01,2026-01-31,M,0.2358127981805902,2026-03-12
household_spending,2026-02,2026-02-28,M,0.33222591362125353,2026-04-09
household_spending,2026-03,2026-03-31,M,1.6597982166454806,2026-05-10
household_spending,2026-04,2026-04-30,M,-1.051598150817712,2026-06-09
household_spending,2026-05,2026-05-31,M,1.2731437872542495,2026-07-10
unemployment_rate,1978-03,1978-03-31,M,-0.3417646000000003,1978-04-26
unemployment_rate,1978-04,1978-04-30,M,-0.0354846000000002,1978-05-26
unemployment_rate,1978-05,1978-05-31,M,-0.05807189999999984,1978-06-26
unemployment_rate,1978-06,1978-06-30,M,0.09462309999999974,1978-07-26
unemployment_rate,1978-07,1978-07-31,M,-0.08238769999999995,1978-08-26
unemployment_rate,1978-08,1978-08-31,M,0.26839680000000055,1978-09-26
unemployment_rate,1978-09,1978-09-30,M,-0.2347242000000005,1978-10-26
unemployment_rate,1978-10,1978-10-31,M,-0.09211779999999958,1978-11-26
unemployment_rate,1978-11,1978-11-30,M,0.1680073000000002,1978-12-26
unemployment_rate,1978-12,1978-12-31,M,0.07426960000000005,1979-01-26
unemployment_rate,1979-01,1979-01-31,M,-0.033444400000000485,1979-02-26
unemployment_rate,1979-02,1979-02-28,M,-0.11482529999999969,1979-03-26
unemployment_rate,1979-03,1979-03-31,M,0.046074599999999855,1979-04-26
unemployment_rate,1979-04,1979-04-30,M,0.19513390000000008,1979-05-26
unemployment_rate,1979-05,1979-05-31,M,-0.29473579999999977,1979-06-26
unemployment_rate,1979-06,1979-06-30,M,0.048078599999999305,1979-07-26
unemployment_rate,1979-07,1979-07-31,M,0.020050000000000345,1979-08-26
unemployment_rate,1979-08,1979-08-31,M,-0.15381749999999972,1979-09-26
unemployment_rate,1979-09,1979-09-30,M,0.11416869999999957,1979-10-26
unemployment_rate,1979-10,1979-10-31,M,0.15150030000000037,1979-11-26
unemployment_rate,1979-11,1979-11-30,M,-0.3386798000000004,1979-12-26
unemployment_rate,1979-12,1979-12-31,M,0.07519540000000013,1980-01-26
unemployment_rate,1980-01,1980-01-31,M,0.02689210000000042,1980-02-26
unemployment_rate,1980-02,1980-02-29,M,-0.1483895000000004,1980-03-26
unemployment_rate,1980-03,1980-03-31,M,-0.06190400000000018,1980-04-26
unemployment_rate,1980-04,1980-04-30,M,0.1780027999999998,1980-05-26
unemployment_rate,1980-05,1980-05-31,M,0.13116400000000006,1980-06-26
unemployment_rate,1980-06,1980-06-30,M,0.07741930000000075,1980-07-26
unemployment_rate,1980-07,1980-07-31,M,-0.2491608000000003,1980-08-26
unemployment_rate,1980-08,1980-08-31,M,0.10280239999999985,1980-09-26
unemployment_rate,1980-09,1980-09-30,M,-0.036150799999999705,1980-10-26
unemployment_rate,1980-10,1980-10-31,M,-0.08578039999999998,1980-11-26
unemployment_rate,1980-11,1980-11-30,M,-0.20474810000000065,1980-12-26
unemployment_rate,1980-12,1980-12-31,M,0.20076880000000052,1981-01-26
unemployment_rate,1981-01,1981-01-31,M,-0.1352954000000004,1981-02-26
unemployment_rate,1981-02,1981-02-28,M,-0.2993224999999997,1981-03-26
unemployment_rate,1981-03,1981-03-31,M,0.12970599999999965,1981-04-26
unemployment_rate,1981-04,1981-04-30,M,-0.19126379999999976,1981-05-26
unemployment_rate,1981-05,1981-05-31,M,0.03393360000000012,1981-06-26
unemployment_rate,1981-06,1981-06-30,M,-0.2144528000000001,1981-07-26
unemployment_rate,1981-07,1981-07-31,M,0.4497998000000001,1981-08-26
unemployment_rate,1981-08,1981-08-31,M,0.0218765000000003,1981-09-26
unemployment_rate,1981-09,1981-09-30,M,-0.03413510000000031,1981-10-26
unemployment_rate,1981-10,1981-10-31,M,0.06051789999999979,1981-11-26
unemployment_rate,1981-11,1981-11-30,M,0.12272380000000016,1981-12-26
unemployment_rate,1981-12,1981-12-31,M,0.0317476000000001,1982-01-26
unemployment_rate,1982-01,1982-01-31,M,-0.04561650000000039,1982-02-26
unemployment_rate,1982-02,1982-02-28,M,0.32701400000000014,1982-03-26
unemployment_rate,1982-03,1982-03-31,M,0.014752399999999888,1982-04-26
unemployment_rate,1982-04,1982-04-30,M,0.010309799999999925,1982-05-26
unemployment_rate,1982-05,1982-05-31,M,0.2594576000000002,1982-06-26
unemployment_rate,1982-06,1982-06-30,M,0.1740782000000003,1982-07-26
unemployment_rate,1982-07,1982-07-31,M,0.1120403999999997,1982-08-26
unemployment_rate,1982-08,1982-08-31,M,0.1323704000000001,1982-09-26
unemployment_rate,1982-09,1982-09-30,M,0.41802530000000004,1982-10-26
unemployment_rate,1982-10,1982-10-31,M,0.8656587000000009,1982-11-26
unemployment_rate,1982-11,1982-11-30,M,0.3846121999999994,1982-12-26
unemployment_rate,1982-12,1982-12-31,M,0.7222270999999996,1983-01-26
unemployment_rate,1983-01,1983-01-31,M,-0.10449159999999935,1983-02-26
unemployment_rate,1983-02,1983-02-28,M,0.36111889999999924,1983-03-26
unemployment_rate,1983-03,1983-03-31,M,0.2932268000000011,1983-04-26
unemployment_rate,1983-04,1983-04-30,M,0.20040369999999896,1983-05-26
unemployment_rate,1983-05,1983-05-31,M,0.17111760000000054,1983-06-26
unemployment_rate,1983-06,1983-06-30,M,-0.11919819999999959,1983-07-26
unemployment_rate,1983-07,1983-07-31,M,0.32042389999999976,1983-08-26
unemployment_rate,1983-08,1983-08-31,M,-0.30576680000000067,1983-09-26
unemployment_rate,1983-09,1983-09-30,M,0.11921850000000056,1983-10-26
unemployment_rate,1983-10,1983-10-31,M,-0.32973420000000075,1983-11-26
unemployment_rate,1983-11,1983-11-30,M,-0.3536576999999994,1983-12-26
unemployment_rate,1983-12,1983-12-31,M,-0.19733869999999953,1984-01-26
unemployment_rate,1984-01,1984-01-31,M,0.03770379999999918,1984-02-26
unemployment_rate,1984-02,1984-02-29,M,-0.10941129999999966,1984-03-26
unemployment_rate,1984-03,1984-03-31,M,-0.17707460000000097,1984-04-26
unemployment_rate,1984-04,1984-04-30,M,0.16164230000000046,1984-05-26
unemployment_rate,1984-05,1984-05-31,M,-0.4334612,1984-06-26
unemployment_rate,1984-06,1984-06-30,M,0.15968789999999977,1984-07-26
unemployment_rate,1984-07,1984-07-31,M,-0.17504510000000018,1984-08-26
unemployment_rate,1984-08,1984-08-31,M,-0.09312830000000005,1984-09-26
unemployment_rate,1984-09,1984-09-30,M,-0.09333979999999897,1984-10-26
unemployment_rate,1984-10,1984-10-31,M,-0.0391679000000007,1984-11-26
unemployment_rate,1984-11,1984-11-30,M,-0.016089700000000207,1984-12-26
unemployment_rate,1984-12,1984-12-31,M,-0.16015029999999975,1985-01-26
unemployment_rate,1985-01,1985-01-31,M,0.033176300000000936,1985-02-26
unemployment_rate,1985-02,1985-02-28,M,-0.16355569999999986,1985-03-26
unemployment_rate,1985-03,1985-03-31,M,0.27650049999999915,1985-04-26
unemployment_rate,1985-04,1985-04-30,M,-0.2639093999999993,1985-05-26
unemployment_rate,1985-05,1985-05-31,M,-0.025691800000000597,1985-06-26
unemployment_rate,1985-06,1985-06-30,M,0.19557020000000058,1985-07-26
unemployment_rate,1985-07,1985-07-31,M,-0.26129040000000003,1985-08-26
unemployment_rate,1985-08,1985-08-31,M,-0.15505880000000083,1985-09-26
unemployment_rate,1985-09,1985-09-30,M,-0.09784020000000027,1985-10-26
unemployment_rate,1985-10,1985-10-31,M,-0.20846609999999988,1985-11-26
unemployment_rate,1985-11,1985-11-30,M,0.1017671,1985-12-26
unemployment_rate,1985-12,1985-12-31,M,-0.16582889999999928,1986-01-26
unemployment_rate,1986-01,1986-01-31,M,0.02175009999999933,1986-02-26
unemployment_rate,1986-02,1986-02-28,M,0.19562140000000028,1986-03-26
unemployment_rate,1986-03,1986-03-31,M,-0.07558889999999963,1986-04-26
unemployment_rate,1986-04,1986-04-30,M,-0.026093799999999945,1986-05-26
unemployment_rate,1986-05,1986-05-31,M,-0.05385110000000015,1986-06-26
unemployment_rate,1986-06,1986-06-30,M,-0.19366709999999987,1986-07-26
unemployment_rate,1986-07,1986-07-31,M,0.45270659999999907,1986-08-26
unemployment_rate,1986-08,1986-08-31,M,0.1331628000000009,1986-09-26
unemployment_rate,1986-09,1986-09-30,M,0.09915509999999905,1986-10-26
unemployment_rate,1986-10,1986-10-31,M,-0.027996199999998694,1986-11-26
unemployment_rate,1986-11,1986-11-30,M,0.009166899999998535,1986-12-26
unemployment_rate,1986-12,1986-12-31,M,0.04475970000000018,1987-01-26
unemployment_rate,1987-01,1987-01-31,M,-0.1767801999999996,1987-02-26
unemployment_rate,1987-02,1987-02-28,M,0.022756900000000968,1987-03-26
unemployment_rate,1987-03,1987-03-31,M,0.22463229999999967,1987-04-26
unemployment_rate,1987-04,1987-04-30,M,-0.1345162999999996,1987-05-26
unemployment_rate,1987-05,1987-05-31,M,-0.09808040000000062,1987-06-26
unemployment_rate,1987-06,1987-06-30,M,-0.1944776000000008,1987-07-26
unemployment_rate,1987-07,1987-07-31,M,0.06515640000000111,1987-08-26
unemployment_rate,1987-08,1987-08-31,M,0.032295599999999425,1987-09-26
unemployment_rate,1987-09,1987-09-30,M,-0.3497766000000002,1987-10-26
unemployment_rate,1987-10,1987-10-31,M,0.33064930000000103,1987-11-26
unemployment_rate,1987-11,1987-11-30,M,-0.15468180000000054,1987-12-26
unemployment_rate,1987-12,1987-12-31,M,-0.20204380000000022,1988-01-26
unemployment_rate,1988-01,1988-01-31,M,-0.0982384999999999,1988-02-26
unemployment_rate,1988-02,1988-02-29,M,-0.2149977999999999,1988-03-26
unemployment_rate,1988-03,1988-03-31,M,0.08680880000000002,1988-04-26
unemployment_rate,1988-04,1988-04-30,M,0.41005369999999974,1988-05-26
unemployment_rate,1988-05,1988-05-31,M,-0.4614286999999999,1988-06-26
unemployment_rate,1988-06,1988-06-30,M,0.13276969999999988,1988-07-26
unemployment_rate,1988-07,1988-07-31,M,-0.8293809000000003,1988-08-26
unemployment_rate,1988-08,1988-08-31,M,0.31348980000000015,1988-09-26
unemployment_rate,1988-09,1988-09-30,M,-0.13383759999999967,1988-10-26
unemployment_rate,1988-10,1988-10-31,M,-0.11651110000000031,1988-11-26
unemployment_rate,1988-11,1988-11-30,M,-0.2052347000000001,1988-12-26
unemployment_rate,1988-12,1988-12-31,M,0.22090880000000013,1989-01-26
unemployment_rate,1989-01,1989-01-31,M,-0.02766419999999936,1989-02-26
unemployment_rate,1989-02,1989-02-28,M,-0.16902860000000075,1989-03-26
unemployment_rate,1989-03,1989-03-31,M,-0.2931539000000001,1989-04-26
unemployment_rate,1989-04,1989-04-30,M,-0.14355719999999916,1989-05-26
unemployment_rate,1989-05,1989-05-31,M,0.07953079999999968,1989-06-26
unemployment_rate,1989-06,1989-06-30,M,-0.2690608000000001,1989-07-26
unemployment_rate,1989-07,1989-07-31,M,0.030876799999999704,1989-08-26
unemployment_rate,1989-08,1989-08-31,M,-0.09776669999999932,1989-09-26
unemployment_rate,1989-09,1989-09-30,M,0.08725169999999949,1989-10-26
unemployment_rate,1989-10,1989-10-31,M,-0.1068661999999998,1989-11-26
unemployment_rate,1989-11,1989-11-30,M,-0.1375112999999999,1989-12-26
unemployment_rate,1989-12,1989-12-31,M,0.062489499999999865,1990-01-26
unemployment_rate,1990-01,1990-01-31,M,0.2616411999999997,1990-02-26
unemployment_rate,1990-02,1990-02-28,M,0.28019570000000016,1990-03-26
unemployment_rate,1990-03,1990-03-31,M,-0.20308349999999997,1990-04-26
unemployment_rate,1990-04,1990-04-30,M,0.09146300000000007,1990-05-26
unemployment_rate,1990-05,1990-05-31,M,0.2250867999999997,1990-06-26
unemployment_rate,1990-06,1990-06-30,M,0.10293440000000054,1990-07-26
unemployment_rate,1990-07,1990-07-31,M,0.4907395999999995,1990-08-26
unemployment_rate,1990-08,1990-08-31,M,0.1132471000000006,1990-09-26
unemployment_rate,1990-09,1990-09-30,M,0.16305689999999995,1990-10-26
unemployment_rate,1990-10,1990-10-31,M,0.26299090000000014,1990-11-26
unemployment_rate,1990-11,1990-11-30,M,0.3086285999999996,1990-12-26
unemployment_rate,1990-12,1990-12-31,M,0.07474480000000039,1991-01-26
unemployment_rate,1991-01,1991-01-31,M,0.37973329999999983,1991-02-26
unemployment_rate,1991-02,1991-02-28,M,0.2155516999999989,1991-03-26
unemployment_rate,1991-03,1991-03-31,M,0.5694683000000005,1991-04-26
unemployment_rate,1991-04,1991-04-30,M,0.675698800000001,1991-05-26
unemployment_rate,1991-05,1991-05-31,M,-0.3583994000000015,1991-06-26
unemployment_rate,1991-06,1991-06-30,M,0.05477740000000075,1991-07-26
unemployment_rate,1991-07,1991-07-31,M,0.11793330000000068,1991-08-26
unemployment_rate,1991-08,1991-08-31,M,0.11520430000000026,1991-09-26
unemployment_rate,1991-09,1991-09-30,M,0.24238439999999883,1991-10-26
unemployment_rate,1991-10,1991-10-31,M,-0.04532120000000006,1991-11-26
unemployment_rate,1991-11,1991-11-30,M,0.2106141000000008,1991-12-26
unemployment_rate,1991-12,1991-12-31,M,0.2777408999999995,1992-01-26
unemployment_rate,1992-01,1992-01-31,M,-0.12599720000000048,1992-02-26
unemployment_rate,1992-02,1992-02-29,M,0.05431970000000064,1992-03-26
unemployment_rate,1992-03,1992-03-31,M,0.09409869999999998,1992-04-26
unemployment_rate,1992-04,1992-04-30,M,-0.027001800000000742,1992-05-26
unemployment_rate,1992-05,1992-05-31,M,0.14806970000000064,1992-06-26
unemployment_rate,1992-06,1992-06-30,M,0.18950629999999968,1992-07-26
unemployment_rate,1992-07,1992-07-31,M,0.33118089999999967,1992-08-26
unemployment_rate,1992-08,1992-08-31,M,-0.41770779999999874,1992-09-26
unemployment_rate,1992-09,1992-09-30,M,-0.10531410000000108,1992-10-26
unemployment_rate,1992-10,1992-10-31,M,0.4744939000000006,1992-11-26
unemployment_rate,1992-11,1992-11-30,M,0.045347299999999535,1992-12-26
unemployment_rate,1992-12,1992-12-31,M,0.08315879999999964,1993-01-26
unemployment_rate,1993-01,1993-01-31,M,-0.3855966999999989,1993-02-26
unemployment_rate,1993-02,1993-02-28,M,0.179322599999999,1993-03-26
unemployment_rate,1993-03,1993-03-31,M,-0.1546208,1993-04-26
unemployment_rate,1993-04,1993-04-30,M,-0.09267979999999909,1993-05-26
unemployment_rate,1993-05,1993-05-31,M,0.020631899999999703,1993-06-26
unemployment_rate,1993-06,1993-06-30,M,0.2035669999999996,1993-07-26
unemployment_rate,1993-07,1993-07-31,M,-0.04283869999999901,1993-08-26
unemployment_rate,1993-08,1993-08-31,M,0.03547440000000002,1993-09-26
unemployment_rate,1993-09,1993-09-30,M,-0.24125200000000113,1993-10-26
unemployment_rate,1993-10,1993-10-31,M,0.21556740000000119,1993-11-26
unemployment_rate,1993-11,1993-11-30,M,-0.0080448999999998,1993-12-26
unemployment_rate,1993-12,1993-12-31,M,-0.19051620000000113,1994-01-26
unemployment_rate,1994-01,1994-01-31,M,-0.19120769999999965,1994-02-26
unemployment_rate,1994-02,1994-02-28,M,-0.16911900000000024,1994-03-26
unemployment_rate,1994-03,1994-03-31,M,-0.04460189999999997,1994-04-26
unemployment_rate,1994-04,1994-04-30,M,-0.29106140000000025,1994-05-26
unemployment_rate,1994-05,1994-05-31,M,-0.2957328999999991,1994-06-26
unemployment_rate,1994-06,1994-06-30,M,0.050562599999999236,1994-07-26
unemployment_rate,1994-07,1994-07-31,M,-0.1844929999999998,1994-08-26
unemployment_rate,1994-08,1994-08-31,M,-0.18856060000000063,1994-09-26
unemployment_rate,1994-09,1994-09-30,M,-0.09036319999999876,1994-10-26
unemployment_rate,1994-10,1994-10-31,M,-0.2618299999999998,1994-11-26
unemployment_rate,1994-11,1994-11-30,M,0.05065919999999835,1994-12-26
unemployment_rate,1994-12,1994-12-31,M,-0.20653649999999857,1995-01-26
unemployment_rate,1995-01,1995-01-31,M,-0.08159580000000055,1995-02-26
unemployment_rate,1995-02,1995-02-28,M,-0.031761400000000606,1995-03-26
unemployment_rate,1995-03,1995-03-31,M,-0.20612749999999913,1995-04-26
unemployment_rate,1995-04,1995-04-30,M,-0.3498877,1995-05-26
unemployment_rate,1995-05,1995-05-31,M,0.20745289999999983,1995-06-26
unemployment_rate,1995-06,1995-06-30,M,-0.12248980000000032,1995-07-26
unemployment_rate,1995-07,1995-07-31,M,0.07565240000000095,1995-08-26
unemployment_rate,1995-08,1995-08-31,M,-0.10788090000000139,1995-09-26
unemployment_rate,1995-09,1995-09-30,M,0.043028600000001305,1995-10-26
unemployment_rate,1995-10,1995-10-31,M,0.21192459999999969,1995-11-26
unemployment_rate,1995-11,1995-11-30,M,-0.12277860000000018,1995-12-26
unemployment_rate,1995-12,1995-12-31,M,-0.3073081000000002,1996-01-26
unemployment_rate,1996-01,1996-01-31,M,0.3066413000000008,1996-02-26
unemployment_rate,1996-02,1996-02-29,M,-0.12457890000000127,1996-03-26
unemployment_rate,1996-03,1996-03-31,M,0.09419580000000138,1996-04-26
unemployment_rate,1996-04,1996-04-30,M,0.15708529999999854,1996-05-26
unemployment_rate,1996-05,1996-05-31,M,-0.16383219999999987,1996-06-26
unemployment_rate,1996-06,1996-06-30,M,-0.1602043000000002,1996-07-26
unemployment_rate,1996-07,1996-07-31,M,0.314247700000001,1996-08-26
unemployment_rate,1996-08,1996-08-31,M,0.15363039999999906,1996-09-26
unemployment_rate,1996-09,1996-09-30,M,-0.1455164,1996-10-26
unemployment_rate,1996-10,1996-10-31,M,0.18281810000000043,1996-11-26
unemployment_rate,1996-11,1996-11-30,M,-0.2884715999999994,1996-12-26
unemployment_rate,1996-12,1996-12-31,M,0.1598796999999994,1997-01-26
unemployment_rate,1997-01,1997-01-31,M,-0.06260969999999944,1997-02-26
unemployment_rate,1997-02,1997-02-28,M,0.1347383999999998,1997-03-26
unemployment_rate,1997-03,1997-03-31,M,-0.1105362999999997,1997-04-26
unemployment_rate,1997-04,1997-04-30,M,-0.02405860000000004,1997-05-26
unemployment_rate,1997-05,1997-05-31,M,-0.02075669999999974,1997-06-26
unemployment_rate,1997-06,1997-06-30,M,-0.21655130000000078,1997-07-26
unemployment_rate,1997-07,1997-07-31,M,0.2586309999999994,1997-08-26
unemployment_rate,1997-08,1997-08-31,M,-0.12451499999999882,1997-09-26
unemployment_rate,1997-09,1997-09-30,M,-0.39712440000000093,1997-10-26
unemployment_rate,1997-10,1997-10-31,M,-0.03487069999999903,1997-11-26
unemployment_rate,1997-11,1997-11-30,M,-0.045955600000000985,1997-12-26
unemployment_rate,1997-12,1997-12-31,M,-0.07660579999999939,1998-01-26
unemployment_rate,1998-01,1998-01-31,M,-0.04452010000000062,1998-02-26
unemployment_rate,1998-02,1998-02-28,M,-0.09345729999999985,1998-03-26
unemployment_rate,1998-03,1998-03-31,M,0.11095340000000053,1998-04-26
unemployment_rate,1998-04,1998-04-30,M,-0.2797800000000006,1998-05-26
unemployment_rate,1998-05,1998-05-31,M,0.16123889999999985,1998-06-26
unemployment_rate,1998-06,1998-06-30,M,0.06717360000000028,1998-07-26
unemployment_rate,1998-07,1998-07-31,M,0.1426924999999999,1998-08-26
unemployment_rate,1998-08,1998-08-31,M,-0.21947470000000013,1998-09-26
unemployment_rate,1998-09,1998-09-30,M,-0.12153130000000001,1998-10-26
unemployment_rate,1998-10,1998-10-31,M,-0.3202197999999994,1998-11-26
unemployment_rate,1998-11,1998-11-30,M,0.3125802000000002,1998-12-26
unemployment_rate,1998-12,1998-12-31,M,-0.4423769000000002,1999-01-26
unemployment_rate,1999-01,1999-01-31,M,-0.0650877000000003,1999-02-26
unemployment_rate,1999-02,1999-02-28,M,-0.0035090000000002064,1999-03-26
unemployment_rate,1999-03,1999-03-31,M,-0.10251140000000003,1999-04-26
unemployment_rate,1999-04,1999-04-30,M,-0.033221699999999466,1999-05-26
unemployment_rate,1999-05,1999-05-31,M,0.04556419999999939,1999-06-26
unemployment_rate,1999-06,1999-06-30,M,-0.3719208999999992,1999-07-26
unemployment_rate,1999-07,1999-07-31,M,0.02221839999999986,1999-08-26
unemployment_rate,1999-08,1999-08-31,M,0.230448,1999-09-26
unemployment_rate,1999-09,1999-09-30,M,0.13551059999999993,1999-10-26
unemployment_rate,1999-10,1999-10-31,M,-0.26497230000000016,1999-11-26
unemployment_rate,1999-11,1999-11-30,M,-0.33605450000000037,1999-12-26
unemployment_rate,1999-12,1999-12-31,M,0.2442662000000002,2000-01-26
unemployment_rate,2000-01,2000-01-31,M,0.08212989999999998,2000-02-26
unemployment_rate,2000-02,2000-02-29,M,-0.1476027999999996,2000-03-26
unemployment_rate,2000-03,2000-03-31,M,-0.05401910000000054,2000-04-26
unemployment_rate,2000-04,2000-04-30,M,-0.1887723999999995,2000-05-26
unemployment_rate,2000-05,2000-05-31,M,0.03813770000000005,2000-06-26
unemployment_rate,2000-06,2000-06-30,M,-0.2995872999999998,2000-07-26
unemployment_rate,2000-07,2000-07-31,M,-0.16071020000000047,2000-08-26
unemployment_rate,2000-08,2000-08-31,M,0.0972331000000004,2000-09-26
unemployment_rate,2000-09,2000-09-30,M,-0.0883307000000002,2000-10-26
unemployment_rate,2000-10,2000-10-31,M,0.04672889999999974,2000-11-26
unemployment_rate,2000-11,2000-11-30,M,0.25219780000000025,2000-12-26
unemployment_rate,2000-12,2000-12-31,M,-0.01801660000000016,2001-01-26
unemployment_rate,2001-01,2001-01-31,M,-0.1063976000000002,2001-02-26
unemployment_rate,2001-02,2001-02-28,M,0.3642821999999999,2001-03-26
unemployment_rate,2001-03,2001-03-31,M,-0.04312429999999967,2001-04-26
unemployment_rate,2001-04,2001-04-30,M,0.3235980999999999,2001-05-26
unemployment_rate,2001-05,2001-05-31,M,0.11062870000000036,2001-06-26
unemployment_rate,2001-06,2001-06-30,M,0.03978269999999995,2001-07-26
unemployment_rate,2001-07,2001-07-31,M,-0.052762500000000045,2001-08-26
unemployment_rate,2001-08,2001-08-31,M,0.0009752999999994572,2001-09-26
unemployment_rate,2001-09,2001-09-30,M,-0.03916409999999981,2001-10-26
unemployment_rate,2001-10,2001-10-31,M,0.35171889999999983,2001-11-26
unemployment_rate,2001-11,2001-11-30,M,-0.31058569999999985,2001-12-26
unemployment_rate,2001-12,2001-12-31,M,-0.0215405999999998,2002-01-26
unemployment_rate,2002-01,2002-01-31,M,0.05410320000000013,2002-02-26
unemployment_rate,2002-02,2002-02-28,M,-0.3791494000000002,2002-03-26
unemployment_rate,2002-03,2002-03-31,M,-0.10608479999999965,2002-04-26
unemployment_rate,2002-04,2002-04-30,M,-0.0848570000000004,2002-05-26
unemployment_rate,2002-05,2002-05-31,M,0.02707110000000057,2002-06-26
unemployment_rate,2002-06,2002-06-30,M,0.12326409999999921,2002-07-26
unemployment_rate,2002-07,2002-07-31,M,-0.31598339999999947,2002-08-26
unemployment_rate,2002-08,2002-08-31,M,0.1692184000000001,2002-09-26
unemployment_rate,2002-09,2002-09-30,M,-0.03686390000000017,2002-10-26
unemployment_rate,2002-10,2002-10-31,M,-0.18390590000000007,2002-11-26
unemployment_rate,2002-11,2002-11-30,M,0.03438750000000024,2002-12-26
unemployment_rate,2002-12,2002-12-31,M,0.019519299999999795,2003-01-26
unemployment_rate,2003-01,2003-01-31,M,-0.09981870000000015,2003-02-26
unemployment_rate,2003-02,2003-02-28,M,-0.12744839999999957,2003-03-26
unemployment_rate,2003-03,2003-03-31,M,0.17630459999999992,2003-04-26
unemployment_rate,2003-04,2003-04-30,M,-0.10171180000000035,2003-05-26
unemployment_rate,2003-05,2003-05-31,M,0.03960269999999966,2003-06-26
unemployment_rate,2003-06,2003-06-30,M,-0.01444449999999975,2003-07-26
unemployment_rate,2003-07,2003-07-31,M,0.07335970000000014,2003-08-26
unemployment_rate,2003-08,2003-08-31,M,-0.3102708999999999,2003-09-26
unemployment_rate,2003-09,2003-09-30,M,-0.042313899999999904,2003-10-26
unemployment_rate,2003-10,2003-10-31,M,0.008009900000000236,2003-11-26
unemployment_rate,2003-11,2003-11-30,M,-0.1217271000000002,2003-12-26
unemployment_rate,2003-12,2003-12-31,M,0.019625299999999513,2004-01-26
unemployment_rate,2004-01,2004-01-31,M,-0.14991250000000012,2004-02-26
unemployment_rate,2004-02,2004-02-29,M,0.11151480000000014,2004-03-26
unemployment_rate,2004-03,2004-03-31,M,-0.2055498,2004-04-26
unemployment_rate,2004-04,2004-04-30,M,0.06968720000000062,2004-05-26
unemployment_rate,2004-05,2004-05-31,M,-0.1702717000000007,2004-06-26
unemployment_rate,2004-06,2004-06-30,M,0.1263835000000002,2004-07-26
unemployment_rate,2004-07,2004-07-31,M,0.08738109999999999,2004-08-26
unemployment_rate,2004-08,2004-08-31,M,-0.03354579999999974,2004-09-26
unemployment_rate,2004-09,2004-09-30,M,-0.14645310000000045,2004-10-26
unemployment_rate,2004-10,2004-10-31,M,-0.2479452999999996,2004-11-26
unemployment_rate,2004-11,2004-11-30,M,0.03849679999999989,2004-12-26
unemployment_rate,2004-12,2004-12-31,M,-0.09258789999999983,2005-01-26
unemployment_rate,2005-01,2005-01-31,M,0.004702100000000264,2005-02-26
unemployment_rate,2005-02,2005-02-28,M,0.010863999999999763,2005-03-26
unemployment_rate,2005-03,2005-03-31,M,0.0785467999999998,2005-04-26
unemployment_rate,2005-04,2005-04-30,M,-0.040761200000000386,2005-05-26
unemployment_rate,2005-05,2005-05-31,M,-0.022485299999999597,2005-06-26
unemployment_rate,2005-06,2005-06-30,M,-0.14946340000000014,2005-07-26
unemployment_rate,2005-07,2005-07-31,M,0.022092800000000246,2005-08-26
unemployment_rate,2005-08,2005-08-31,M,-0.0707519999999997,2005-09-26
unemployment_rate,2005-09,2005-09-30,M,0.10084489999999935,2005-10-26
unemployment_rate,2005-10,2005-10-31,M,0.013507399999999947,2005-11-26
unemployment_rate,2005-11,2005-11-30,M,-0.07754809999999956,2005-12-26
unemployment_rate,2005-12,2005-12-31,M,0.13171990000000022,2006-01-26
unemployment_rate,2006-01,2006-01-31,M,0.09217169999999975,2006-02-26
unemployment_rate,2006-02,2006-02-28,M,-0.058550099999999716,2006-03-26
unemployment_rate,2006-03,2006-03-31,M,-0.23641050000000075,2006-04-26
unemployment_rate,2006-04,2006-04-30,M,0.09849120000000067,2006-05-26
unemployment_rate,2006-05,2006-05-31,M,-0.1673119000000005,2006-06-26
unemployment_rate,2006-06,2006-06-30,M,0.00987120000000008,2006-07-26
unemployment_rate,2006-07,2006-07-31,M,-0.15131840000000008,2006-08-26
unemployment_rate,2006-08,2006-08-31,M,0.05531470000000027,2006-09-26
unemployment_rate,2006-09,2006-09-30,M,-0.046143299999999776,2006-10-26
unemployment_rate,2006-10,2006-10-31,M,-0.20281820000000028,2006-11-26
unemployment_rate,2006-11,2006-11-30,M,0.051889100000000354,2006-12-26
unemployment_rate,2006-12,2006-12-31,M,0.05300609999999928,2007-01-26
unemployment_rate,2007-01,2007-01-31,M,-0.014589799999999542,2007-02-26
unemployment_rate,2007-02,2007-02-28,M,0.08093709999999987,2007-03-26
unemployment_rate,2007-03,2007-03-31,M,-0.17471820000000005,2007-04-26
unemployment_rate,2007-04,2007-04-30,M,-0.0736384000000001,2007-05-26
unemployment_rate,2007-05,2007-05-31,M,-0.12151219999999974,2007-06-26
unemployment_rate,2007-06,2007-06-30,M,0.05956289999999953,2007-07-26
unemployment_rate,2007-07,2007-07-31,M,-0.07080709999999968,2007-08-26
unemployment_rate,2007-08,2007-08-31,M,0.04564120000000038,2007-09-26
unemployment_rate,2007-09,2007-09-30,M,-0.08565270000000069,2007-10-26
unemployment_rate,2007-10,2007-10-31,M,0.11288130000000063,2007-11-26
unemployment_rate,2007-11,2007-11-30,M,0.10062019999999983,2007-12-26
unemployment_rate,2007-12,2007-12-31,M,-0.11842560000000013,2008-01-26
unemployment_rate,2008-01,2008-01-31,M,-0.08592680000000019,2008-02-26
unemployment_rate,2008-02,2008-02-29,M,-0.24344649999999968,2008-03-26
unemployment_rate,2008-03,2008-03-31,M,0.07812319999999984,2008-04-26
unemployment_rate,2008-04,2008-04-30,M,0.20847309999999997,2008-05-26
unemployment_rate,2008-05,2008-05-31,M,0.0008794000000005298,2008-06-26
unemployment_rate,2008-06,2008-06-30,M,-0.02295290000000083,2008-07-26
unemployment_rate,2008-07,2008-07-31,M,0.006845000000000212,2008-08-26
unemployment_rate,2008-08,2008-08-31,M,-0.23504740000000002,2008-09-26
unemployment_rate,2008-09,2008-09-30,M,0.2738391,2008-10-26
unemployment_rate,2008-10,2008-10-31,M,0.0009399999999999409,2008-11-26
unemployment_rate,2008-11,2008-11-30,M,0.17279210000000056,2008-12-26
unemployment_rate,2008-12,2008-12-31,M,0.10711039999999983,2009-01-26
unemployment_rate,2009-01,2009-01-31,M,0.3381186999999999,2009-02-26
unemployment_rate,2009-02,2009-02-28,M,0.3944171000000001,2009-03-26
unemployment_rate,2009-03,2009-03-31,M,0.40876670000000015,2009-04-26
unemployment_rate,2009-04,2009-04-30,M,-0.1980088000000002,2009-05-26
unemployment_rate,2009-05,2009-05-31,M,0.29887759999999997,2009-06-26
unemployment_rate,2009-06,2009-06-30,M,0.04935299999999998,2009-07-26
unemployment_rate,2009-07,2009-07-31,M,-0.1887363999999998,2009-08-26
unemployment_rate,2009-08,2009-08-31,M,0.04195800000000016,2009-09-26
unemployment_rate,2009-09,2009-09-30,M,-0.05286260000000009,2009-10-26
unemployment_rate,2009-10,2009-10-31,M,-0.0382239000000002,2009-11-26
unemployment_rate,2009-11,2009-11-30,M,-0.06505000000000027,2009-12-26
unemployment_rate,2009-12,2009-12-31,M,-0.06748930000000009,2010-01-26
unemployment_rate,2010-01,2010-01-31,M,-0.22499350000000007,2010-02-26
unemployment_rate,2010-02,2010-02-28,M,0.032035600000000386,2010-03-26
unemployment_rate,2010-03,2010-03-31,M,0.12441679999999966,2010-04-26
unemployment_rate,2010-04,2010-04-30,M,0.0763102,2010-05-26
unemployment_rate,2010-05,2010-05-31,M,-0.2691876999999998,2010-06-26
unemployment_rate,2010-06,2010-06-30,M,-0.08558259999999951,2010-07-26
unemployment_rate,2010-07,2010-07-31,M,0.14403450000000007,2010-08-26
unemployment_rate,2010-08,2010-08-31,M,-0.2560621000000003,2010-09-26
unemployment_rate,2010-09,2010-09-30,M,0.022190300000000107,2010-10-26
unemployment_rate,2010-10,2010-10-31,M,0.23053170000000023,2010-11-26
unemployment_rate,2010-11,2010-11-30,M,-0.1756479000000004,2010-12-26
unemployment_rate,2010-12,2010-12-31,M,-0.2322880999999999,2011-01-26
unemployment_rate,2011-01,2011-01-31,M,0.12652850000000004,2011-02-26
unemployment_rate,2011-02,2011-02-28,M,-0.03158379999999994,2011-03-26
unemployment_rate,2011-03,2011-03-31,M,-0.0453847000000005,2011-04-26
unemployment_rate,2011-04,2011-04-30,M,0.033245700000000156,2011-05-26
unemployment_rate,2011-05,2011-05-31,M,0.05357790000000051,2011-06-26
unemployment_rate,2011-06,2011-06-30,M,-0.09667310000000029,2011-07-26
unemployment_rate,2011-07,2011-07-31,M,0.17624779999999962,2011-08-26
unemployment_rate,2011-08,2011-08-31,M,0.17709370000000035,2011-09-26
unemployment_rate,2011-09,2011-09-30,M,-0.0482345000000004,2011-10-26
unemployment_rate,2011-10,2011-10-31,M,-0.03399699999999939,2011-11-26
unemployment_rate,2011-11,2011-11-30,M,0.04349539999999941,2011-12-26
unemployment_rate,2011-12,2011-12-31,M,-0.03436069999999969,2012-01-26
unemployment_rate,2012-01,2012-01-31,M,-0.1489237000000001,2012-02-26
unemployment_rate,2012-02,2012-02-29,M,0.14374399999999987,2012-03-26
unemployment_rate,2012-03,2012-03-31,M,-0.0084932000000002,2012-04-26
unemployment_rate,2012-04,2012-04-30,M,-0.18827529999999992,2012-05-26
unemployment_rate,2012-05,2012-05-31,M,0.2055164000000005,2012-06-26
unemployment_rate,2012-06,2012-06-30,M,-0.03806419999999999,2012-07-26
unemployment_rate,2012-07,2012-07-31,M,0.019975299999999585,2012-08-26
unemployment_rate,2012-08,2012-08-31,M,-0.02542339999999932,2012-09-26
unemployment_rate,2012-09,2012-09-30,M,0.3314326999999997,2012-10-26
unemployment_rate,2012-10,2012-10-31,M,-0.07790090000000038,2012-11-26
unemployment_rate,2012-11,2012-11-30,M,-0.15355540000000012,2012-12-26
unemployment_rate,2012-12,2012-12-31,M,0.17554540000000074,2013-01-26
unemployment_rate,2013-01,2013-01-31,M,-0.04284940000000059,2013-02-26
unemployment_rate,2013-02,2013-02-28,M,0.0046960000000000335,2013-03-26
unemployment_rate,2013-03,2013-03-31,M,0.2461367000000001,2013-04-26
unemployment_rate,2013-04,2013-04-30,M,-0.05136330000000022,2013-05-26
unemployment_rate,2013-05,2013-05-31,M,0.020653300000000208,2013-06-26
unemployment_rate,2013-06,2013-06-30,M,0.08512880000000056,2013-07-26
unemployment_rate,2013-07,2013-07-31,M,-0.05909200000000059,2013-08-26
unemployment_rate,2013-08,2013-08-31,M,0.20775699999999997,2013-09-26
unemployment_rate,2013-09,2013-09-30,M,-0.13700400000000013,2013-10-26
unemployment_rate,2013-10,2013-10-31,M,0.11662689999999998,2013-11-26
unemployment_rate,2013-11,2013-11-30,M,-0.02668629999999972,2013-12-26
unemployment_rate,2013-12,2013-12-31,M,0.10433879999999984,2014-01-26
unemployment_rate,2014-01,2014-01-31,M,0.046357000000000426,2014-02-26
unemployment_rate,2014-02,2014-02-28,M,-0.07077540000000049,2014-03-26
unemployment_rate,2014-03,2014-03-31,M,-0.0012568999999995611,2014-04-26
unemployment_rate,2014-04,2014-04-30,M,-0.07054570000000027,2014-05-26
unemployment_rate,2014-05,2014-05-31,M,0.12531859999999995,2014-06-26
unemployment_rate,2014-06,2014-06-30,M,0.11835290000000054,2014-07-26
unemployment_rate,2014-07,2014-07-31,M,0.12373639999999941,2014-08-26
unemployment_rate,2014-08,2014-08-31,M,-0.07134839999999976,2014-09-26
unemployment_rate,2014-09,2014-09-30,M,0.1363082999999996,2014-10-26
unemployment_rate,2014-10,2014-10-31,M,0.12054110000000051,2014-11-26
unemployment_rate,2014-11,2014-11-30,M,-0.06046789999999991,2014-12-26
unemployment_rate,2014-12,2014-12-31,M,-0.1909907999999998,2015-01-26
unemployment_rate,2015-01,2015-01-31,M,0.24571579999999926,2015-02-26
unemployment_rate,2015-02,2015-02-28,M,-0.1982672000000001,2015-03-26
unemployment_rate,2015-03,2015-03-31,M,-0.0501535999999998,2015-04-26
unemployment_rate,2015-04,2015-04-30,M,0.0091758000000004,2015-05-26
unemployment_rate,2015-05,2015-05-31,M,-0.1815875,2015-06-26
unemployment_rate,2015-06,2015-06-30,M,0.07649859999999986,2015-07-26
unemployment_rate,2015-07,2015-07-31,M,0.2670804999999996,2015-08-26
unemployment_rate,2015-08,2015-08-31,M,-0.1870111999999997,2015-09-26
unemployment_rate,2015-09,2015-09-30,M,0.08695400000000042,2015-10-26
unemployment_rate,2015-10,2015-10-31,M,-0.26191720000000007,2015-11-26
unemployment_rate,2015-11,2015-11-30,M,-0.06189800000000023,2015-12-26
unemployment_rate,2015-12,2015-12-31,M,-0.10951060000000012,2016-01-26
unemployment_rate,2016-01,2016-01-31,M,0.30019669999999987,2016-02-26
unemployment_rate,2016-02,2016-02-29,M,-0.34677889999999945,2016-03-26
unemployment_rate,2016-03,2016-03-31,M,-0.04115240000000053,2016-04-26
unemployment_rate,2016-04,2016-04-30,M,-0.008132999999999946,2016-05-26
unemployment_rate,2016-05,2016-05-31,M,0.0762046999999999,2016-06-26
unemployment_rate,2016-06,2016-06-30,M,-0.026449399999999734,2016-07-26
unemployment_rate,2016-07,2016-07-31,M,-0.0014019999999996813,2016-08-26
unemployment_rate,2016-08,2016-08-31,M,-0.07847620000000077,2016-09-26
unemployment_rate,2016-09,2016-09-30,M,0.04999670000000034,2016-10-26
unemployment_rate,2016-10,2016-10-31,M,-0.06782679999999974,2016-11-26
unemployment_rate,2016-11,2016-11-30,M,0.1701207999999994,2016-12-26
unemployment_rate,2016-12,2016-12-31,M,0.06912310000000055,2017-01-26
unemployment_rate,2017-01,2017-01-31,M,-0.15262370000000036,2017-02-26
unemployment_rate,2017-02,2017-02-28,M,0.20947270000000007,2017-03-26
unemployment_rate,2017-03,2017-03-31,M,-0.04759609999999981,2017-04-26
unemployment_rate,2017-04,2017-04-30,M,-0.2370966000000001,2017-05-26
unemployment_rate,2017-05,2017-05-31,M,-0.06182409999999994,2017-06-26
unemployment_rate,2017-06,2017-06-30,M,0.07564599999999988,2017-07-26
unemployment_rate,2017-07,2017-07-31,M,-0.01682909999999982,2017-08-26
unemployment_rate,2017-08,2017-08-31,M,-0.07581120000000041,2017-09-26
unemployment_rate,2017-09,2017-09-30,M,-0.06590969999999974,2017-10-26
unemployment_rate,2017-10,2017-10-31,M,-0.0597190000000003,2017-11-26
unemployment_rate,2017-11,2017-11-30,M,0.05018060000000002,2017-12-26
unemployment_rate,2017-12,2017-12-31,M,0.16229549999999993,2018-01-26
unemployment_rate,2018-01,2018-01-31,M,-0.09245829999999966,2018-02-26
unemployment_rate,2018-02,2018-02-28,M,0.05742259999999977,2018-03-26
unemployment_rate,2018-03,2018-03-31,M,-0.05153859999999977,2018-04-26
unemployment_rate,2018-04,2018-04-30,M,0.014000900000000094,2018-05-26
unemployment_rate,2018-05,2018-05-31,M,-0.10857069999999958,2018-06-26
unemployment_rate,2018-06,2018-06-30,M,-0.09400360000000063,2018-07-26
unemployment_rate,2018-07,2018-07-31,M,-0.04681619999999942,2018-08-26
unemployment_rate,2018-08,2018-08-31,M,-0.050899700000000436,2018-09-26
unemployment_rate,2018-09,2018-09-30,M,-0.2238996999999996,2018-10-26
unemployment_rate,2018-10,2018-10-31,M,-0.017511300000000674,2018-11-26
unemployment_rate,2018-11,2018-11-30,M,0.1067266,2018-12-26
unemployment_rate,2018-12,2018-12-31,M,-0.09138929999999945,2019-01-26
unemployment_rate,2019-01,2019-01-31,M,0.03173359999999992,2019-02-26
unemployment_rate,2019-02,2019-02-28,M,-0.05673050000000046,2019-03-26
unemployment_rate,2019-03,2019-03-31,M,0.09581970000000073,2019-04-26
unemployment_rate,2019-04,2019-04-30,M,0.1297416999999994,2019-05-26
unemployment_rate,2019-05,2019-05-31,M,-0.02265169999999994,2019-06-26
unemployment_rate,2019-06,2019-06-30,M,0.06324290000000055,2019-07-26
unemployment_rate,2019-07,2019-07-31,M,0.016742899999999672,2019-08-26
unemployment_rate,2019-08,2019-08-31,M,-0.017786599999999986,2019-09-26
unemployment_rate,2019-09,2019-09-30,M,-0.02871630000000014,2019-10-26
unemployment_rate,2019-10,2019-10-31,M,0.07421159999999993,2019-11-26
unemployment_rate,2019-11,2019-11-30,M,-0.1305581,2019-12-26
unemployment_rate,2019-12,2019-12-31,M,-0.13375860000000017,2020-01-26
unemployment_rate,2020-01,2020-01-31,M,0.20977270000000026,2020-02-26
unemployment_rate,2020-02,2020-02-29,M,-0.13583829999999963,2020-03-26
unemployment_rate,2020-03,2020-03-31,M,0.08480639999999973,2020-04-26
unemployment_rate,2020-04,2020-04-30,M,1.1022667999999998,2020-05-26
unemployment_rate,2020-05,2020-05-31,M,0.6901282000000002,2020-06-26
unemployment_rate,2020-06,2020-06-30,M,0.4310210000000003,2020-07-26
unemployment_rate,2020-07,2020-07-31,M,0.014359699999999975,2020-08-26
unemployment_rate,2020-08,2020-08-31,M,-0.6415162000000008,2020-09-26
unemployment_rate,2020-09,2020-09-30,M,0.1345079,2020-10-26
unemployment_rate,2020-10,2020-10-31,M,0.021596200000000287,2020-11-26
unemployment_rate,2020-11,2020-11-30,M,-0.13840149999999962,2020-12-26
unemployment_rate,2020-12,2020-12-31,M,-0.2528972999999999,2021-01-26
unemployment_rate,2021-01,2021-01-31,M,-0.2826576000000003,2021-02-26
unemployment_rate,2021-02,2021-02-28,M,-0.42898420000000037,2021-03-26
unemployment_rate,2021-03,2021-03-31,M,-0.17450350000000014,2021-04-26
unemployment_rate,2021-04,2021-04-30,M,-0.20883199999999924,2021-05-26
unemployment_rate,2021-05,2021-05-31,M,-0.35228710000000074,2021-06-26
unemployment_rate,2021-06,2021-06-30,M,-0.09089479999999917,2021-07-26
unemployment_rate,2021-07,2021-07-31,M,-0.29755530000000086,2021-08-26
unemployment_rate,2021-08,2021-08-31,M,-0.14926519999999943,2021-09-26
unemployment_rate,2021-09,2021-09-30,M,0.13240689999999944,2021-10-26
unemployment_rate,2021-10,2021-10-31,M,0.5312429000000005,2021-11-26
unemployment_rate,2021-11,2021-11-30,M,-0.6033897000000001,2021-12-26
unemployment_rate,2021-12,2021-12-31,M,-0.4249685999999997,2022-01-26
unemployment_rate,2022-01,2022-01-31,M,-0.043296600000000574,2022-02-26
unemployment_rate,2022-02,2022-02-28,M,-0.1346506999999999,2022-03-26
unemployment_rate,2022-03,2022-03-31,M,-0.04870709999999967,2022-04-26
unemployment_rate,2022-04,2022-04-30,M,-0.13171219999999995,2022-05-26
unemployment_rate,2022-05,2022-05-31,M,0.08893739999999983,2022-06-26
unemployment_rate,2022-06,2022-06-30,M,-0.3378508,2022-07-26
unemployment_rate,2022-07,2022-07-31,M,-0.15407880000000018,2022-08-26
unemployment_rate,2022-08,2022-08-31,M,0.07981499999999997,2022-09-26
unemployment_rate,2022-09,2022-09-30,M,0.07539640000000025,2022-10-26
unemployment_rate,2022-10,2022-10-31,M,-0.16589890000000018,2022-11-26
unemployment_rate,2022-11,2022-11-30,M,0.07989610000000003,2022-12-26
unemployment_rate,2022-12,2022-12-31,M,0.008527500000000021,2023-01-26
unemployment_rate,2023-01,2023-01-31,M,0.1352825000000002,2023-02-26
unemployment_rate,2023-02,2023-02-28,M,-0.0510976000000003,2023-03-26
unemployment_rate,2023-03,2023-03-31,M,-0.015654899999999916,2023-04-26
unemployment_rate,2023-04,2023-04-30,M,0.10855009999999998,2023-05-26
unemployment_rate,2023-05,2023-05-31,M,-0.11605080000000001,2023-06-26
unemployment_rate,2023-06,2023-06-30,M,-0.07135889999999989,2023-07-26
unemployment_rate,2023-07,2023-07-31,M,0.19984150000000023,2023-08-26
unemployment_rate,2023-08,2023-08-31,M,-0.03464340000000021,2023-09-26
unemployment_rate,2023-09,2023-09-30,M,-0.11618269999999997,2023-10-26
unemployment_rate,2023-10,2023-10-31,M,0.21598400000000018,2023-11-26
unemployment_rate,2023-11,2023-11-30,M,0.15266139999999995,2023-12-26
unemployment_rate,2023-12,2023-12-31,M,0.052898099999999726,2024-01-26
unemployment_rate,2024-01,2024-01-31,M,0.10507460000000046,2024-02-26
unemployment_rate,2024-02,2024-02-29,M,-0.3515953000000005,2024-03-26
unemployment_rate,2024-03,2024-03-31,M,0.1570045000000002,2024-04-26
unemployment_rate,2024-04,2024-04-30,M,0.18394580000000005,2024-05-26
unemployment_rate,2024-05,2024-05-31,M,-0.08031949999999988,2024-06-26
unemployment_rate,2024-06,2024-06-30,M,0.029790000000000205,2024-07-26
unemployment_rate,2024-07,2024-07-31,M,0.16884939999999915,2024-08-26
unemployment_rate,2024-08,2024-08-31,M,-0.07035499999999928,2024-09-26
unemployment_rate,2024-09,2024-09-30,M,-0.10536339999999988,2024-10-26
unemployment_rate,2024-10,2024-10-31,M,0.06993759999999938,2024-11-26
unemployment_rate,2024-11,2024-11-30,M,-0.15575399999999995,2024-12-26
unemployment_rate,2024-12,2024-12-31,M,0.060279400000000205,2025-01-26
unemployment_rate,2025-01,2025-01-31,M,0.12777210000000006,2025-02-26
unemployment_rate,2025-02,2025-02-28,M,-0.05351269999999975,2025-03-26
unemployment_rate,2025-03,2025-03-31,M,0.006297999999999249,2025-04-26
unemployment_rate,2025-04,2025-04-30,M,-0.024108499999999644,2025-05-26
unemployment_rate,2025-05,2025-05-31,M,0.04030120000000004,2025-06-26
unemployment_rate,2025-06,2025-06-30,M,0.2182662000000004,2025-07-26
unemployment_rate,2025-07,2025-07-31,M,-0.06658800000000031,2025-08-26
unemployment_rate,2025-08,2025-08-31,M,0.0024037000000003417,2025-09-26
unemployment_rate,2025-09,2025-09-30,M,0.20376439999999985,2025-10-26
unemployment_rate,2025-10,2025-10-31,M,-0.11873860000000036,2025-11-26
unemployment_rate,2025-11,2025-11-30,M,-0.010499600000000164,2025-12-26
unemployment_rate,2025-12,2025-12-31,M,-0.20623529999999946,2026-01-26
unemployment_rate,2026-01,2026-01-31,M,-0.03650510000000029,2026-02-26
unemployment_rate,2026-02,2026-02-28,M,0.2217576000000001,2026-03-26
unemployment_rate,2026-03,2026-03-31,M,-0.023286900000000443,2026-04-26
unemployment_rate,2026-04,2026-04-30,M,0.2121460000000006,2026-05-26
unemployment_rate,2026-05,2026-05-31,M,-0.11913650000000064,2026-06-26
unemployment_rate,2026-06,2026-06-30,M,0.05699560000000048,2026-07-26
